,substation,x,y,division,town,trans_feeders,subtrans_feeders,dist_feeders,banks,rated voltage,rated mva,circuits,customers served,age,v1,v2,v3,mva1,mva2,mva3,mva4,mva5,v1_bigger,total_rated_MW,sum_feeders
0,105 SWANN RD,-8793031.933,5342460.624,West,Lewiston,2.0,0.0,4.0,1.0,['115/13.8'],['15/20/25'],6.0,5979.0,2007-06-18,115.0,13.8,0.0,15.0,20.0,25.0,0.0,0.0,True,13.811688,4.0
1,121 CLINTON ST,-8768734.441,5291539.203,West,West Seneca,0.0,2.0,1.0,3.0,['34.5/4.8'],['0.833'],3.0,17.0,1999-03-01,34.5,4.8,0.0,0.833,0.0,0.0,0.0,0.0,True,0.4992,1.0
2,122 SOMMER ST,-8781113.837,5317063.641,West,North Tonawanda,0.0,2.0,5.0,1.0,['23/4.16'],"['2.5', '3.125']",7.0,867.0,1991-01-01,23.0,4.16,0.0,2.5,0.0,0.0,0.0,0.0,True,2.9452800000000003,5.0
3,124 ALAMEDA AVE,,,West,Amherst,0.0,2.0,13.0,4.0,['34.5/4.16'],['3.75/4.68'],15.0,4172.0,1962-09-19,34.5,4.16,0.0,3.75,4.68,0.0,0.0,0.0,True,7.1149728,13.0
4,126 STATION 126,-8782211.744,5313535.166,West,Tonawanda,0.0,2.0,4.0,2.0,['23/4.16'],['2.5'],6.0,2300.0,1974-01-01,23.0,4.16,0.0,2.5,0.0,0.0,0.0,0.0,True,3.4125728,4.0
5,127 DELAWARE ROAD,-8779274.116,5308359.039,West,Tonawanda,0.0,3.0,6.0,2.0,['23/4.16'],"['2.5', '2.5/3.125']",9.0,3777.0,1999-10-01,23.0,4.16,0.0,2.5,3.125,0.0,0.0,0.0,True,2.9369600000000005,5.0
6,129 BROMPTON,-8776237.93,5312231.199,West,Tonawanda,2.0,0.0,7.0,1.0,"['115/4.16', '115/4.33']",['7.5/9.375'],9.0,3222.0,2010-09-29,115.0,4.16,0.0,7.5,9.375,0.0,0.0,0.0,True,6.0722272,7.0
7,130 NIAGARA FALLS BLVD,-8774372.175,5313321.435,West,Amherst,2.0,0.0,8.0,2.0,['115/13.8'],['20/26.7/33.3'],10.0,7144.0,1993-12-01,115.0,13.8,0.0,20.0,26.7,33.3,0.0,0.0,True,16.561643999999998,8.0
8,132 BUELL AVE,-8764384.827,5301135.333,West,Cheektowaga,0.0,2.0,1.0,1.0,['34.5/4.8'],['3.75'],3.0,16.0,1986-01-01,34.5,4.8,0.0,3.75,0.0,0.0,0.0,0.0,True,0.48,1.0
9,138 OAKWOOD,,,West,Pendleton,1.0,0.0,2.0,1.0,['115/4.8'],['3.75/4.68'],3.0,994.0,1952-09-15,115.0,4.8,0.0,3.75,4.68,0.0,0.0,0.0,True,,
10,139 MARTIN RD,-8773151.361,5284005.433,West,Lackawanna,2.0,0.0,6.0,2.0,['115/4.16'],['3.75/4.687'],8.0,3105.0,1952-10-20,115.0,4.16,0.0,3.75,4.687,0.0,0.0,0.0,True,3.98528,4.0
11,140 MAPLE RD,-8766928.354,5310729.579,West,Amherst,2.0,0.0,8.0,2.0,['115/13.8'],['18/24/33.6'],10.0,8992.0,1973-09-05,115.0,13.8,0.0,18.0,24.0,33.6,0.0,0.0,True,16.917912,7.0
12,142 LEHIGH AVE,-8776313.759,5284718.262,West,Lackawanna,2.0,4.0,4.0,1.0,['115/34.5'],"['20/26.7/33.3', '22.4/29.9/37.4']",10.0,1470.0,1966-02-17,115.0,34.5,0.0,20.0,26.7,33.3,0.0,0.0,True,1.6640416000000002,4.0
13,146 WALDEN AVE.,-8764529.732,5297838.426,West,Cheektowaga,0.0,1.0,2.0,1.0,"['34.5/13.8', '34.5/4.8']","['1.5', '3.75']",3.0,156.0,1969-01-01,34.5,13.8,0.0,3.75,0.0,0.0,0.0,0.0,True,1.012044,1.0
14,154 GEORGE URBAN,-8768375.437,5299541.644,West,Cheektowaga,2.0,0.0,3.0,2.0,['115/4.16'],['3.75'],5.0,2154.0,1954-07-19,115.0,4.16,0.0,3.75,0.0,0.0,0.0,0.0,True,3.3695999999999997,3.0
15,155 ROBERTS,-8773653.386,5291672.075,West,Buffalo,1.0,0.0,3.0,1.0,['115/4.16'],['7.5'],4.0,2257.0,1975-01-01,115.0,4.16,0.0,7.5,0.0,0.0,0.0,0.0,True,1.1370944,3.0
16,160 SUMMER ST.,-8780369.915,5297447.548,West,Buffalo,0.0,6.0,6.0,2.0,['23/4.16'],"['3.75', '4.2/5.25']",12.0,1355.0,2007-04-01,23.0,4.16,0.0,3.75,0.0,0.0,0.0,0.0,True,3.1893888,6.0
17,161 SHORT STREET,-8782197.32,5303851.19,West,Buffalo,0.0,3.0,8.0,3.0,['23/4.16'],['3.75'],11.0,2748.0,1993-01-01,23.0,4.16,0.0,3.75,0.0,0.0,0.0,0.0,True,4.5482944,8.0
18,162 STATION 162,-8776992.536,5301204.077,West,Buffalo,0.0,2.0,3.0,1.0,['23/4.16'],"['2.5', '2.8']",5.0,7.0,1969-01-01,23.0,4.16,0.0,2.5,0.0,0.0,0.0,0.0,True,1.3325728,3.0
19,170 NEWFANE,-8760381.97,5355210.315,West,Newfane,0.0,2.0,3.0,1.0,['34.5/4.8'],['5.25'],5.0,1919.0,1972-01-01,34.5,4.8,0.0,5.25,0.0,0.0,0.0,0.0,True,2.5184159999999998,3.0
20,171 BURT,,,West,Newfane,0.0,2.0,3.0,1.0,['34.5/4.8'],['3.75/4.69/5.25'],5.0,1922.0,1994-01-01,34.5,4.8,0.0,3.75,4.69,5.25,0.0,0.0,True,3.107184,3.0
21,205 ERIE DRIVE,-8781480.575,5294483.584,West,Buffalo,0.0,3.0,2.0,4.0,['23/13.8'],['3.75'],5.0,348.0,1990-01-01,23.0,13.8,0.0,3.75,0.0,0.0,0.0,0.0,True,2.5520879999999995,2.0
22,206 TONAWANDA CREEK,-8772134.402,5320521.443,West,Amherst,2.0,0.0,6.0,1.0,['115/13.8'],"['15', '15/20/25']",8.0,6467.0,1990-02-01,115.0,13.8,0.0,15.0,0.0,0.0,0.0,0.0,True,15.8136,6.0
23,207 SLADE AVE,-8770119.665,5286195.339,West,West Seneca,0.0,0.0,0.0,1.0,['34.4/13.8'],['3.75/4.69'],0.0,7.0,2004-12-31,34.4,13.8,0.0,3.75,4.69,0.0,0.0,0.0,True,0.066,1.0
24,208 STATION 208,-8782936.517,5306783.232,West,Buffalo,0.0,3.0,6.0,2.0,['23/4.16'],"['3.75', '3.75/4.6']",9.0,2533.0,1993-01-01,23.0,4.16,0.0,3.75,4.6,0.0,0.0,0.0,True,4.0213472,6.0
25,209 LONG ROAD,-8792468.659,5319646.856,West,Grand Island,2.0,0.0,4.0,1.0,['115/13.8'],['15'],6.0,3917.0,1990-12-01,115.0,13.8,0.0,15.0,0.0,0.0,0.0,0.0,True,10.714044,4.0
26,21 MAIN,-8772323.044,5306585.513,West,Amherst,0.0,4.0,12.0,3.0,"['23/4.16', '23/4.36']",['3.75/4.687'],16.0,4815.0,2007-08-01,23.0,4.16,0.0,3.75,4.687,0.0,0.0,0.0,True,6.4133888,10.0
27,210 MILITARY RD,-8791070.054,5326102.287,West,Niagara Falls,2.0,0.0,5.0,1.0,['115/13.8'],['20/26.7/33.3'],7.0,5835.0,1991-05-01,115.0,13.8,0.0,20.0,26.7,33.3,0.0,0.0,True,14.643287999999998,6.0
28,211 AYER RD,-8762430.952,5311283.094,West,Amherst,2.0,0.0,8.0,2.0,['115/13.8'],['20/26.7/33.3'],10.0,4673.0,1994-01-07,115.0,13.8,0.0,20.0,26.7,33.3,0.0,0.0,True,17.353512,7.0
29,212 HARBOR FRONT,-8777356.088,5283436.094,West,Lackawanna,2.0,0.0,10.0,2.0,['115/13.8'],['15'],12.0,3249.0,2003-06-30,115.0,13.8,0.0,15.0,0.0,0.0,0.0,0.0,True,6.247955999999999,4.0
30,213 DALE RD,-8768409.434,5297288.734,West,Cheektowaga,2.0,0.0,2.0,1.0,['115/13.8'],['7.5/8.4'],4.0,61.0,1970-08-21,115.0,13.8,0.0,7.5,8.4,0.0,0.0,0.0,True,1.6279559999999997,2.0
31,214 STATION,-8778150.493,5311959.102,West,Tonawanda,2.0,0.0,5.0,1.0,['115/4.16'],['7.5/9.375'],7.0,1934.0,1975-01-01,115.0,4.16,0.0,7.5,9.375,0.0,0.0,0.0,True,3.5679072,5.0
32,216 LOCKPORT RD,-8796284.574,5329963.314,West,Niagara,2.0,0.0,4.0,1.0,['115/13.8'],['15/20/25'],6.0,3475.0,1992-06-29,115.0,13.8,0.0,15.0,20.0,25.0,0.0,0.0,True,11.184756,4.0
33,217 WALMORE,-8786082.015,5327484.143,,,,,,,[],[],,,,,,,,,,,,,10.441199999999998,4.0
34,22 KENMORE,-8775425.446,5305562.315,West,Buffalo,0.0,8.0,12.0,4.0,['23/4.16'],['3.75/4.6'],20.0,7409.0,1993-01-01,23.0,4.16,0.0,3.75,4.6,0.0,0.0,0.0,True,7.7250784,10.0
35,224 SWEET HOME,-8772217.398,5315734.043,West,Amherst,2.0,0.0,8.0,1.0,['115/13.8'],"['20/26.6/33.3', '20/26/33']",10.0,4377.0,2002-05-31,115.0,13.8,0.0,20.0,26.0,33.0,0.0,0.0,True,12.830268,7.0
36,229 RENAISSANCE DR,-8762596.461,5311285.586,West,Amherst,2.0,0.0,8.0,2.0,['115/13.8'],['20/26.7/33.3'],10.0,5733.0,2007-03-28,115.0,13.8,0.0,20.0,26.7,33.3,0.0,0.0,True,14.4408,7.0
37,23 KENMORE,-8777712.433,5305637.756,West,Buffalo,0.0,4.0,12.0,4.0,['22.9/4.36'],['3.75/4.687'],16.0,5393.0,2011-05-26,22.9,4.36,0.0,3.75,4.687,0.0,0.0,0.0,True,8.2714528,11.0
38,232 OAKWOOD,-8767033.958,5325097.851,West,Pendleton,2.0,0.0,6.0,2.0,['115/13.8'],['15/20/25'],8.0,3793.0,2005-08-01,115.0,13.8,0.0,15.0,20.0,25.0,0.0,0.0,True,16.328400000000002,6.0
39,24 KENMORE,-8780589.226,5305647.939,West,Buffalo,0.0,4.0,11.0,4.0,['22.9/4.36'],['3.75/4.69'],15.0,4939.0,2003-10-01,22.9,4.36,0.0,3.75,4.69,0.0,0.0,0.0,True,7.8291616,10.0
40,25 STATION 25,-8783434.301,5303964.159,West,Buffalo,0.0,6.0,11.0,2.0,['23/4.16'],"['2.5', '2.5/3.125']",17.0,4271.0,2000-12-05,23.0,4.16,0.0,2.5,0.0,0.0,0.0,0.0,True,6.032,9.0
41,26 STATION 26,-8777053.933,5303965.961,West,Buffalo,0.0,6.0,13.0,1.0,['23/4.16'],"['3.7/5.2', '3.7/5.25']",19.0,8098.0,1977-01-01,23.0,4.16,0.0,3.7,5.2,0.0,0.0,0.0,True,10.7619616,12.0
42,27 JEWETT AVE,-8776491.704,5301977.674,West,Buffalo,0.0,10.0,10.0,4.0,['23/4.16'],['2.5'],20.0,3873.0,1964-01-01,23.0,4.16,0.0,2.5,0.0,0.0,0.0,0.0,True,4.5039488,10.0
43,2738 LARKINVILLE,-8777228.999,5292244.358,,,,,,,[],[],,,,,,,,,,,,,0.532356,2.0
44,28 STATION 28,-8773529.252,5301753.818,West,Buffalo,0.0,4.0,12.0,4.0,['23/4.16'],['3.75/4.69'],16.0,7233.0,2003-03-31,23.0,4.16,0.0,3.75,4.69,0.0,0.0,0.0,True,6.3592256,10.0
45,29 POTOMAC,-8781646.243,5300381.141,West,Buffalo,0.0,8.0,12.0,4.0,['23/4.16'],['2.5'],20.0,5731.0,2010-10-07,23.0,4.16,0.0,2.5,0.0,0.0,0.0,0.0,True,7.6238656,12.0
46,30 SPILLMAN,-8778145.51,5300082.641,West,Buffalo,0.0,4.0,10.0,3.0,['23/4.16'],"['2.5/3.125', '2.5/3.13']",14.0,3083.0,1957-01-01,23.0,4.16,0.0,2.5,3.125,0.0,0.0,0.0,True,7.3077888,10.0
47,31 STATION,-8776481.049,5300134.23,West,Buffalo,0.0,4.0,11.0,1.0,['23/4.16'],"['2.5', '2.5/3', '2.5/3.13']",15.0,5142.0,1948-01-01,23.0,4.16,0.0,2.5,0.0,0.0,0.0,0.0,True,4.4858528,10.0
48,32 BAILEY,-8773558.837,5300104.822,West,Buffalo,0.0,4.0,10.0,4.0,['23/4.16'],['2.5'],14.0,7046.0,1951-01-01,23.0,4.16,0.0,2.5,0.0,0.0,0.0,0.0,True,4.2570944,10.0
49,33 STATION 33,-8782111.022,5297554.993,West,Buffalo,0.0,4.0,10.0,4.0,['23/4.36'],['3.75/4.68'],14.0,5592.0,2006-07-28,23.0,4.36,0.0,3.75,4.68,0.0,0.0,0.0,True,4.0088672,9.0
50,34 BEST ST.,-8777758.902,5297316.813,West,Buffalo,0.0,8.0,10.0,3.0,['23/4.16'],['2.5'],18.0,4637.0,1930-01-01,23.0,4.16,0.0,2.5,0.0,0.0,0.0,0.0,True,4.0505088,10.0
51,35 WALDEN,-8775871.328,5297288.206,West,Buffalo,0.0,4.0,11.0,4.0,['23/4.16'],['2.5'],15.0,4920.0,1930-01-01,23.0,4.16,0.0,2.5,0.0,0.0,0.0,0.0,True,4.3471584,11.0
52,36 SUMNER PL,-8773228.098,5297053.417,West,Buffalo,0.0,4.0,11.0,4.0,['23/4.16'],['3.75/4.7'],15.0,7453.0,2001-06-01,23.0,4.16,0.0,3.75,4.7,0.0,0.0,0.0,True,5.3483872,11.0
53,37 HUDSON AVE,-8781348.909,5296445.093,West,Buffalo,0.0,7.0,11.0,4.0,['23/4.16'],['2.5'],18.0,5148.0,1930-01-01,23.0,4.16,0.0,2.5,0.0,0.0,0.0,0.0,True,6.24,11.0
54,38 SPRING,-8778474.749,5295328.143,West,Buffalo,0.0,8.0,11.0,4.0,['23/4.16'],['2.5'],19.0,2903.0,1930-01-01,23.0,4.16,0.0,2.5,0.0,0.0,0.0,0.0,True,5.2846144,11.0
55,39 WILLIAM,-8776396.128,5294541.13,West,Buffalo,0.0,4.0,12.0,4.0,['23/4.16'],['3.75/4.69'],16.0,5764.0,1998-01-01,23.0,4.16,0.0,3.75,4.69,0.0,0.0,0.0,True,5.9155616,12.0
56,40 WILLIAM STA,-8773740.416,5294496.193,West,Buffalo,0.0,4.0,15.0,4.0,['23/4.16'],['3.75/4.8'],19.0,5144.0,1978-01-01,23.0,4.16,0.0,3.75,4.8,0.0,0.0,0.0,True,11.2445216,15.0
57,41 STATION 41,-8779293.291,5292893.326,West,Buffalo,0.0,8.0,12.0,4.0,['23/4.16'],['2.5'],20.0,2044.0,1929-12-13,23.0,4.16,0.0,2.5,0.0,0.0,0.0,0.0,True,4.0573728000000004,11.0
58,42 OHIO,-8779443.506,5290736.547,West,Buffalo,0.0,3.0,5.0,3.0,['23/4.16'],['2.5/3'],8.0,164.0,1940-01-03,23.0,4.16,0.0,2.5,3.0,0.0,0.0,0.0,True,,
59,43 SENECA ST,-8773981.301,5291001.063,West,Buffalo,0.0,4.0,10.0,2.0,"['22.9/4.36', '23/4.16']",['3.75/4.687'],14.0,4559.0,2012-04-20,22.9,4.36,0.0,3.75,4.687,0.0,0.0,0.0,True,6.3536928,9.0
60,44 SOUTH PARK,-8774578.674,5288641.674,West,Buffalo,0.0,4.0,11.0,2.0,['23/4.16'],"['3.75', '3.75/4.687', '3.75/4.69']",15.0,7823.0,1997-01-01,23.0,4.16,0.0,3.75,0.0,0.0,0.0,0.0,True,9.5457856,11.0
61,45 STATION 45,-8780761.989,5303142.194,West,Buffalo,0.0,4.0,8.0,1.0,['23/4.16'],"['2.5', '2.5/3.13']",12.0,3485.0,1956-01-01,23.0,4.16,0.0,2.5,3.13,0.0,0.0,0.0,True,5.2027872,8.0
62,46 STATION 46,-8774592.915,5286706.811,West,Buffalo,0.0,4.0,11.0,2.0,"['22.9/4.16', '23/4.16']",['3.75/4.7'],15.0,6347.0,2004-04-19,22.9,4.16,0.0,3.75,4.7,0.0,0.0,0.0,True,6.8460288,10.0
63,47 STATION 47,-8786367.449,5307700.659,West,Tonawanda,0.0,3.0,8.0,3.0,['23/4.36'],['3.75/4.7'],11.0,1128.0,2006-01-01,23.0,4.36,0.0,3.75,4.7,0.0,0.0,0.0,True,3.71488,6.0
64,48 GELSTON,-8782958.92,5299325.464,West,Buffalo,0.0,4.0,10.0,2.0,['23/4.16'],"['3.75/4.687', '3.75/4.69']",14.0,2957.0,1996-01-01,23.0,4.16,0.0,3.75,4.687,0.0,0.0,0.0,True,4.96723136,11.0
65,49 BEST,-8779374.328,5297346.595,West,Buffalo,0.0,8.0,12.0,4.0,['23/4.16'],['3.75/4.69'],20.0,2020.0,1993-01-01,23.0,4.16,0.0,3.75,4.69,0.0,0.0,0.0,True,5.65344,11.0
66,51 ELK ST,-8775426.31,5291595.783,West,Buffalo,0.0,4.0,8.0,4.0,['23/4.16'],['2.5/3'],12.0,2011.0,1939-01-01,23.0,4.16,0.0,2.5,3.0,0.0,0.0,0.0,True,3.7675456,8.0
67,52 HERTEL,-8780509.885,5304067.292,West,Buffalo,0.0,4.0,12.0,1.0,['23/4.16'],"['2.5/3', '3.75/4.687']",16.0,2127.0,2010-11-03,23.0,4.16,0.0,2.5,3.0,0.0,0.0,0.0,True,4.68,10.0
68,53 BAILEY,-8773533.56,5303187.974,West,Buffalo,0.0,3.0,6.0,3.0,['23/4.16'],['2.5/3.13'],9.0,5201.0,1954-01-01,23.0,4.16,0.0,2.5,3.13,0.0,0.0,0.0,True,3.2309472,5.0
69,54 MAIN,-8767849.115,5305941.134,West,Amherst,2.0,0.0,11.0,1.0,['115/4.16'],"['7.5/9.375', '7.5/9.4']",13.0,3344.0,1970-07-29,115.0,4.16,0.0,7.5,9.375,0.0,0.0,0.0,True,5.3885728,9.0
70,55 ELECTRIC AVE,-8775212.073,5282414.915,,,,,,,[],[],,,,,,,,,,,,,2.5722528000000002,5.0
71,56 ELECTRIC AVE,,,West,Lackawanna,2.0,0.0,7.0,2.0,['115/4.16'],['3.75/4.687'],9.0,2129.0,1949-05-07,115.0,4.16,0.0,3.75,4.687,0.0,0.0,0.0,True,,
72,56 WILLOWDALE & BARTON,-8781670.955,5309442.094,West,Tonawanda,0.0,5.0,8.0,1.0,['23/4.16'],"['2.5/3.1', '2.5/3.13']",13.0,3597.0,1956-10-10,23.0,4.16,0.0,2.5,3.1,0.0,0.0,0.0,True,5.6825600000000005,8.0
73,57 COLVIN,-8777886.559,5310118.937,West,Tonawanda,0.0,3.0,8.0,3.0,['23/4.16'],['3.75/4.2/4.7/5'],11.0,4008.0,1973-01-01,23.0,4.16,0.0,3.75,4.2,4.7,5.0,0.0,True,5.57024,7.0
74,58 HARLEM RD,-8770068.659,5306638.932,West,Amherst,0.0,2.0,8.0,1.0,"['34.4/4.36', '34.5/4.16']","['3.75/4.69', '3.75/4.69/5.25', '4.2/5.25']",10.0,4139.0,2006-01-01,34.4,4.36,0.0,4.2,5.25,0.0,0.0,0.0,True,6.968,7.0
75,59 PERRY,,,West,Buffalo,0.0,3.0,6.0,2.0,['23/4.16'],"['2.5/3', '2.5/3.13']",9.0,1057.0,1957-01-01,23.0,4.16,0.0,2.5,3.0,0.0,0.0,0.0,True,,
76,60 HAUSAUER RD,-8766934.685,5315022.969,West,Amherst,2.0,0.0,7.0,1.0,['115/13.8'],"['12/16/20', '12/16/22.4']",9.0,5914.0,1969-11-13,115.0,13.8,0.0,12.0,16.0,20.0,0.0,0.0,True,14.058,7.0
77,61 STATION 61,-8768574.543,5302854.839,West,Cheektowaga,2.0,0.0,6.0,1.0,['115/4.16'],"['7.5/9.375', '7.5/9.4']",8.0,5751.0,1957-09-26,115.0,4.16,0.0,7.5,9.375,0.0,0.0,0.0,True,6.1983584,6.0
78,63 HIGHLAND,-8776991.491,5308042.722,West,Tonawanda,0.0,3.0,5.0,1.0,"['22.9/4.36', '23/4.16']","['3.75', '4.2/5.25']",8.0,3463.0,2010-04-30,22.9,4.36,0.0,4.2,5.25,0.0,0.0,0.0,True,5.5480672,5.0
79,64 STATION 64,-8788709.022,5315457.061,West,Grand Island,2.0,0.0,6.0,1.0,['113/13.8'],"['12', '12/16/22.4']",8.0,5121.0,1972-05-23,113.0,13.8,0.0,12.0,0.0,0.0,0.0,0.0,True,15.721331999999997,6.0
80,66 UNION RD & MECHANIC ST,-8767013.572,5296065.523,West,Cheektowaga,0.0,1.0,1.0,1.0,['34.5/4.8'],['1.5'],2.0,230.0,1959-01-01,34.5,4.8,0.0,1.5,0.0,0.0,0.0,0.0,True,0.006384,1.0
81,67 STATION 67,-8762358.564,5306743.969,West,Amherst,0.0,2.0,2.0,2.0,['34.5/4.16'],['3.75'],4.0,902.0,1958-01-20,34.5,4.16,0.0,3.75,0.0,0.0,0.0,0.0,True,1.4005056000000002,2.0
82,68 ELMWOOD,-8780582.083,5298553.171,West,Buffalo,0.0,4.0,10.0,4.0,['23/4.16'],['2.5'],14.0,6180.0,1967-01-01,23.0,4.16,0.0,2.5,0.0,0.0,0.0,0.0,True,5.9515872000000005,9.0
83,71 S. NEWFANE,-8758700.765,5347311.323,West,Newfane,0.0,2.0,2.0,1.0,['34.4/5.04'],['3.75/4.688'],4.0,1344.0,2010-03-05,34.4,5.04,0.0,3.75,4.688,0.0,0.0,0.0,True,2.326416,2.0
84,74 MILITARY,-8781157.846,5312255.859,West,Tonawanda,0.0,7.0,6.0,1.0,['23/4.16'],"['2.5', '2.5/3.12', '3']",13.0,3787.0,2003-12-30,23.0,4.16,0.0,2.5,3.12,0.0,0.0,0.0,True,4.82976,6.0
85,76 SHAWNEE,-8776575.848,5333708.635,West,Cambria,2.0,0.0,4.0,1.0,['115/13.8'],['12/16/20'],6.0,5813.0,1975-01-01,115.0,13.8,0.0,12.0,16.0,20.0,0.0,0.0,True,12.482975999999999,5.0
86,77 EAST AVE,-8779835.372,5315069.503,West,Tonawanda,0.0,4.0,5.0,2.0,['23/4.16'],['4.725'],9.0,2340.0,1998-07-01,23.0,4.16,0.0,4.725,0.0,0.0,0.0,0.0,True,2.85792,5.0
87,78 FASSETT ST.,-8779056.736,5317470.585,West,North Tonawanda,2.0,7.0,8.0,1.0,"['115/23', '115/23/4.16']","['15', '15/20', '25', '30/40/50', '7.5']",17.0,5260.0,1968-09-05,115.0,23.0,0.0,15.0,0.0,0.0,0.0,0.0,True,8.12864,8.0
88,79 RIDGE ST.,-8780422.674,5319272.129,West,North Tonawanda,0.0,3.0,6.0,3.0,['23/4.16'],['2.5'],9.0,2728.0,1958-01-01,23.0,4.16,0.0,2.5,0.0,0.0,0.0,0.0,True,3.6330528,5.0
89,80 EIGHTH STREET,-8800124.282,5325959.304,West,Niagara Falls,0.0,3.0,5.0,3.0,['12/4.16'],['3.5'],8.0,1972.0,1951-01-01,12.0,4.16,0.0,3.5,0.0,0.0,0.0,0.0,True,2.1091200000000003,3.0
90,81 BEACH AVE,,,West,Niagara Falls,0.0,6.0,7.0,3.0,['12/4.16'],['3.5'],13.0,3076.0,1949-01-01,12.0,4.16,0.0,3.5,0.0,0.0,0.0,0.0,True,5.1930944,7.0
91,82 11TH ST,-8799744.533,5328169.652,West,Niagara Falls,0.0,6.0,8.0,1.0,['12/4.16'],['3.5'],14.0,4307.0,2011-11-28,12.0,4.16,0.0,3.5,0.0,0.0,0.0,0.0,True,2.9605056,7.0
92,83 WELCH AVE,-8797988.236,5325355.708,West,Niagara Falls,0.0,8.0,8.0,3.0,['12/4.16'],['3.5'],16.0,4136.0,1949-01-01,12.0,4.16,0.0,3.5,0.0,0.0,0.0,0.0,True,3.2767072,5.0
93,85 STEPHENSON AVE,-8791846.427,5324062.534,West,Niagara Falls,0.0,6.0,8.0,3.0,['12/4.8'],['3.5'],14.0,3549.0,1968-01-01,12.0,4.8,0.0,3.5,0.0,0.0,0.0,0.0,True,4.985616,6.0
94,86 LEWISTON HEIGHTS,-8797442.791,5335201.371,West,Lewiston,0.0,2.0,2.0,1.0,['34.5/4.8'],['4.6/5.25'],4.0,909.0,2004-08-06,34.5,4.8,0.0,4.6,5.25,0.0,0.0,0.0,True,1.0880159999999999,2.0
95,87 LEWISTON,-8798748.569,5338797.897,West,Lewiston,0.0,2.0,3.0,1.0,['34.5/4.8'],['3.75/4.69'],5.0,1355.0,2005-12-01,34.5,4.8,0.0,3.75,4.69,0.0,0.0,0.0,True,2.4351839999999996,2.0
96,88 YOUNGSTOWN,-8799514.922,5349252.209,West,Porter,0.0,2.0,2.0,1.0,['34.4/5.04'],['3.75/4.688'],4.0,1230.0,2012-05-30,34.4,5.04,0.0,3.75,4.688,0.0,0.0,0.0,True,1.944,2.0
97,89 RANSOMVILLE,-8783198.467,5347779.77,West,Wilson,0.0,2.0,2.0,1.0,['34.5/4.8'],['3.75'],4.0,1833.0,2004-04-26,34.5,4.8,0.0,3.75,0.0,0.0,0.0,0.0,True,2.6976,2.0
98,93 WILSON,-8774975.813,5356804.547,West,Wilson,0.0,2.0,3.0,1.0,['34.5/4.8'],['3.75'],5.0,2129.0,2013-01-17,34.5,4.8,0.0,3.75,0.0,0.0,0.0,0.0,True,3.8495999999999997,3.0
99,97 SUMMIT PARK,-8786003.547,5325419.167,West,Wheatfield,2.0,0.0,8.0,2.0,['113/13.8'],['12/16/22.4'],10.0,5767.0,1971-09-13,113.0,13.8,0.0,12.0,16.0,22.4,0.0,0.0,True,12.223199999999999,8.0
100,AKWESASNE,-8318283.249,5617402.428,Central,Massena,1.0,2.0,3.0,1.0,"['115/34.5', '115/4.8']","['10/12.5', '20/26.67/33.33']",6.0,670.0,2008-06-21,115.0,34.5,0.0,20.0,26.67,33.33,0.0,0.0,True,,
101,ALBION,-8704194.827,5349836.05,West,Albion,0.0,3.0,4.0,1.0,['34.5/4.8'],"['3.75', '3.75/5.25']",7.0,2368.0,1996-01-01,34.5,4.8,0.0,3.75,0.0,0.0,0.0,0.0,True,3.3407999999999998,4.0
102,ALDER CREEK,-8374086.858,5376291.216,Central,Boonville,0.0,2.0,1.0,1.0,"['43.8/13.8', '46/4.8']","['0.5', '3.75/4.2']",3.0,2126.0,1975-01-01,43.8,13.8,0.0,3.75,4.2,0.0,0.0,0.0,True,,
103,ALTAMONT,-8237166.511,5267919.351,East,Guilderland,2.0,1.0,3.0,1.0,"['115/13.8', '115/34.5']","['12/16/20', '5']",6.0,5257.0,1975-01-01,115.0,13.8,0.0,12.0,16.0,20.0,0.0,0.0,True,,
104,ANDOVER,,,West,Andover,2.0,0.0,2.0,1.0,"['115/34.5', '34.5/4.8']","['1', '20/26.7']",4.0,516.0,1957-08-27,115.0,34.5,0.0,20.0,26.7,0.0,0.0,0.0,True,,
105,ANTWERP,-8417278.842,5496853.605,Central,Amtwerp,0.0,1.0,1.0,1.0,['23/4.8'],['3.75'],2.0,638.0,1994-01-01,23.0,4.8,0.0,3.75,0.0,0.0,0.0,0.0,True,,
106,ARNOLD,-8378780.297,5325593.587,Central,Utica,0.0,1.0,2.0,1.0,"['43.8/13.8', '46/4.16']",['5/6.250'],3.0,1969.0,1966-01-01,43.8,13.8,0.0,5.0,6.25,0.0,0.0,0.0,True,,
107,ASH STREET,,,Central,Syracuse,3.0,1.0,3.0,2.0,"['115/12', '115/13.8', '115/34.5', '34.5/4.16']","['20/26.7/33.3', '24/32/40', '30/40/50', '30/40/50/56', '7.5/9.375', '7.5/9.4']",7.0,10413.0,1993-01-01,115.0,12.0,0.0,24.0,32.0,40.0,0.0,0.0,True,51.2263655,27.0
108,ASHLEY,-8181728.316,5376195.223,East,Fort Ann,0.0,1.0,1.0,1.0,['34.5/13.8'],['7.5'],2.0,1237.0,1991-01-01,34.5,13.8,0.0,7.5,0.0,0.0,0.0,0.0,True,,
109,ATTICA STATION,-8713095.54,5291497.921,West,Attica,0.0,4.0,3.0,1.0,['34.5/4.8'],['5/6.25'],7.0,2616.0,1965-01-01,34.5,4.8,0.0,5.0,6.25,0.0,0.0,0.0,True,4.0464,3.0
110,AUSABLE FORKS,-8202812.126,5535748.171,Central,Black Brook,0.0,1.0,1.0,1.0,['46/4.8'],['2.5'],2.0,646.0,2005-11-07,46.0,4.8,0.0,2.5,0.0,0.0,0.0,0.0,True,,
111,AVENUE A,-8214201.316,5259479.302,East,Albany,0.0,2.0,6.0,2.0,['34.5/4.16'],['5/6.25'],8.0,3649.0,1958-01-01,34.5,4.16,0.0,5.0,6.25,0.0,0.0,0.0,True,,
112,AVON,-8653641.892,5298202.762,West,Avon,0.0,1.0,3.0,1.0,['34.5/4.8'],['3.75'],4.0,2678.0,1960-01-01,34.5,4.8,0.0,3.75,0.0,0.0,0.0,0.0,True,2.315232,3.0
113,BALLINA,-8442544.924,5298051.936,Central,Cazenovia,1.0,0.0,1.0,1.0,['34.5/13.8'],['5.6'],2.0,1406.0,1982-01-01,34.5,13.8,0.0,5.6,0.0,0.0,0.0,0.0,True,2.459556,1.0
114,BALLSTON,-8221926.852,5311799.022,East,Ballston Spa,2.0,5.0,4.0,1.0,"['115/13.8', '115/34.5/13.8']","['12/16/22.4', '30/40/50']",11.0,6947.0,2002-08-02,115.0,13.8,0.0,12.0,16.0,22.4,0.0,0.0,True,,
115,BALMAT,-8393241.451,5504564.66,Central,Fowler,1.0,2.0,1.0,3.0,['23/.277/.480'],['1'],4.0,647.0,2003-03-20,23.0,0.277,0.48,1.0,0.0,0.0,0.0,0.0,True,,
116,BARKER STATION,-8744460.802,5363531.432,West,Somerset,0.0,2.0,3.0,1.0,['34.5/4.8'],['3.75'],5.0,1407.0,1976-01-01,34.5,4.8,0.0,3.75,0.0,0.0,0.0,0.0,True,2.7887999999999997,3.0
117,BARTELL,-8475130.164,5346049.895,Central,Cicero,2.0,1.0,3.0,1.0,['115/13.8'],['15/20/25'],6.0,7326.0,1990-01-01,115.0,13.8,0.0,15.0,20.0,25.0,0.0,0.0,True,14.524356,3.0
118,BASOM STATION,-8726508.645,5321590.135,West,Alabama,0.0,2.0,2.0,2.0,['34.5/4.8'],['1.5'],4.0,787.0,1953-01-01,34.5,4.8,0.0,1.5,0.0,0.0,0.0,0.0,True,0.814416,2.0
119,BATAVIA STATION,-8704498.728,5311384.13,West,Batavia,4.0,3.0,4.0,2.0,"['115/13.8', '115/34.5']","['15/20', '20/26.7/33.3']",11.0,7437.0,1964-07-15,115.0,13.8,0.0,20.0,26.7,33.3,0.0,0.0,True,22.264044,7.0
120,BATTENKILL,-8187561.834,5327293.428,East,Easton,3.0,2.0,4.0,1.0,"['115/13.8', '115/34.5/13.8']","['12/16/20', '30/40/50']",9.0,4940.0,1966-02-17,115.0,34.5,13.8,30.0,40.0,50.0,0.0,0.0,True,,
121,BELMONT,-8484325.596,5331210.228,Central,Clay,2.0,0.0,7.0,1.0,"['115/13.8', '116/13.8']","['18/24/30', '20/26/33']",9.0,11169.0,2001-12-01,115.0,13.8,0.0,20.0,26.0,33.0,0.0,0.0,True,19.329155999999998,7.0
122,BENNETT RD.,-8830122.762,5232302.713,West,Dunkirk,2.0,0.0,6.0,1.0,['115/13.8'],"['12/16/20', '13.4/17.9/22.4']",8.0,5220.0,1971-09-22,115.0,13.8,0.0,12.0,16.0,20.0,0.0,0.0,True,11.2464,6.0
123,BERRY ROAD,,,West,Pomfret,2.0,0.0,3.0,1.0,['115/13.8'],['15/20/25'],5.0,6429.0,1991-12-01,115.0,13.8,0.0,15.0,20.0,25.0,0.0,0.0,True,3.9335999999999993,2.0
124,BETHLEHEM,-8215371.55,5251699.363,East,Bethlehem,2.0,5.0,3.0,1.0,"['115/13.8', '115/34.4/13.8', '115/34.5/4.8']","['15/20/25', '30/40/50']",10.0,3686.0,2011-04-07,115.0,13.8,0.0,15.0,20.0,25.0,0.0,0.0,True,,
125,BIRCH AVENUE,,,East,Lake George,0.0,2.0,2.0,1.0,['34.5/13.8'],['10/12.5'],4.0,2543.0,1996-01-01,34.5,13.8,0.0,10.0,12.5,0.0,0.0,0.0,True,,
126,BLOOMINGDALE MOBILE SUB,,,Central,St. Armand,4.0,0.0,1.0,1.0,['46/4.8'],['2.5'],5.0,892.0,2004-03-01,46.0,4.8,0.0,2.5,0.0,0.0,0.0,0.0,True,,
127,BLUE STORES,,,East,Livingston,2.0,0.0,3.0,1.0,['115/13.8'],['12/16/20'],5.0,5221.0,1971-01-21,115.0,13.8,0.0,12.0,16.0,20.0,0.0,0.0,True,,
128,BOLTON,-8200526.008,5396649.8,East,Bolton,0.0,1.0,3.0,1.0,['34.4/13.8'],['10/12.5'],4.0,3963.0,1985-01-01,34.4,13.8,0.0,10.0,12.5,0.0,0.0,0.0,True,,
129,BOMBAY E.S.,-8301677.262,5611908.527,Central,Bombay,0.0,2.0,1.0,1.0,['34.5/4.8'],['2.5'],3.0,619.0,2003-10-01,34.5,4.8,0.0,2.5,0.0,0.0,0.0,0.0,True,,
130,BOYNTONVILLE,-8175973.839,5287865.661,East,Pittstown,0.0,1.0,1.0,1.0,['115/13.8'],['7.5'],2.0,2139.0,1963-01-01,115.0,13.8,0.0,7.5,0.0,0.0,0.0,0.0,True,,
131,BRADY,-8366650.588,5588313.183,Central,Madrid,2.0,0.0,1.0,1.0,['115/13.8'],['15/20/25'],3.0,4205.0,1994-10-06,115.0,13.8,0.0,15.0,20.0,25.0,0.0,0.0,True,,
132,BRASHER,-8324825.585,5592924.408,Central,Brasher,0.0,2.0,2.0,3.0,['34.5/4.8'],['2'],4.0,1367.0,2006-07-28,34.5,4.8,0.0,2.0,0.0,0.0,0.0,0.0,True,,
133,BREMEN,-8392433.904,5447140.956,Central,New Bremen,2.0,0.0,2.0,1.0,['110/13.8'],['5/6.25/7'],4.0,2631.0,1966-01-01,110.0,13.8,0.0,5.0,6.25,7.0,0.0,0.0,True,,
134,BREWERTON,-8476220.878,5347967.829,Central,Cicero,0.0,1.0,2.0,1.0,['34.5/4.8'],['3.75'],3.0,563.0,1957-01-01,34.5,4.8,0.0,3.75,0.0,0.0,0.0,0.0,True,1.1007840000000002,1.0
135,BRIDGE ST.,-8468215.967,5320424.655,Central,Dewitt,2.0,0.0,4.0,1.0,['115/13.8'],['18/24/33.6'],6.0,1623.0,1975-01-01,115.0,13.8,0.0,18.0,24.0,33.6,0.0,0.0,True,13.195775999999999,4.0
136,BRIDGEPORT,-8456695.879,5334222.021,Central,Sullivan,1.0,0.0,2.0,1.0,['113/13.8'],['13.4/17.9/22.4'],3.0,5727.0,2004-06-22,113.0,13.8,0.0,13.4,17.9,22.4,0.0,0.0,True,7.845155999999999,3.0
137,BRIER HILL,-8422708.166,5546304.937,Central,Morristown,0.0,1.0,1.0,1.0,['23/4.8'],['1'],2.0,636.0,1969-01-01,23.0,4.8,0.0,1.0,0.0,0.0,0.0,0.0,True,,
138,BRIGHTON AVE,,,Central,Syracuse,4.0,1.0,5.0,6.0,['34.5/4.16'],['2'],10.0,5236.0,1929-01-01,34.5,4.16,0.0,2.0,0.0,0.0,0.0,0.0,True,,
139,BROCKPORT,-8678095.702,5344368.032,West,Sweden,2.0,3.0,5.0,1.0,"['115/13.8', '115/34.5']","['13.4/17.9/22.4', '15/20', '15/20/25']",10.0,10233.0,1973-07-31,115.0,13.8,0.0,13.4,17.9,22.4,0.0,0.0,True,16.134756,5.0
140,BROOK ROAD,-8219098.064,5324550.495,East,Saratoga Springs,2.0,3.0,8.0,2.0,"['115/13.8', '115/34.5']","['20/26.7/33.3', '30/40/50']",13.0,14700.0,2001-12-31,115.0,13.8,0.0,20.0,26.7,33.3,0.0,0.0,True,,
141,BRUNSWICK,-8190566.182,5271541.231,East,Brunswick,0.0,1.0,2.0,1.0,['34.4/13.8'],['7.5/10.5'],3.0,3837.0,1971-01-01,34.4,13.8,0.0,7.5,10.5,0.0,0.0,0.0,True,,
142,BUCKLEY,-8478155.545,5331369.751,Central,Clay,0.0,1.0,4.0,1.0,['34.5/4.8'],['5/6.25'],5.0,1203.0,1958-01-01,34.5,4.8,0.0,5.0,6.25,0.0,0.0,0.0,True,,
143,BUCKLEYS,,,East,Greenport,1.0,0.0,1.0,1.0,['113/13.8'],['7.5/8.4/10.5'],2.0,769.0,1995-01-01,113.0,13.8,0.0,7.5,8.4,10.5,0.0,0.0,True,,
144,BUFF AVE STA,-8798957.583,5324228.585,West,Niagara Falls,2.0,0.0,8.0,1.0,['115/13.8'],"['20', '20/26.7/33.3']",10.0,4304.0,1992-10-30,115.0,13.8,0.0,20.0,26.7,33.3,0.0,0.0,True,10.749156,8.0
145,BURDECK ST,-8238298.583,5280324.021,East,Rotterdam,2.0,0.0,4.0,1.0,['115/13.8'],['12/16/20/22.4'],6.0,6440.0,1973-01-01,115.0,13.8,0.0,12.0,16.0,20.0,22.4,0.0,True,,
146,BURGOYNE,-8189154.184,5359971.257,East,Kingsbury,2.0,0.0,3.0,1.0,['115/13.8'],['22.4'],5.0,7336.0,1972-05-01,115.0,13.8,0.0,22.4,0.0,0.0,0.0,0.0,True,,
147,BUSTI,,,West,Busti,0.0,2.0,1.0,1.0,['34.5/4.8'],['1.5'],3.0,723.0,1970-01-01,34.5,4.8,0.0,1.5,0.0,0.0,0.0,0.0,True,,
148,BUTLER,-8199879.472,5351377.798,East,Moreau,2.0,0.0,2.0,1.0,['115/13.8'],['12/16'],4.0,5996.0,1969-12-02,115.0,13.8,0.0,12.0,16.0,0.0,0.0,0.0,True,,
149,BUTTERNUT,-8465236.128,5319489.789,Central,Dewitt,2.0,0.0,3.0,1.0,['113/13.8'],['12/16/20'],5.0,3398.0,1969-06-10,113.0,13.8,0.0,12.0,16.0,20.0,0.0,0.0,True,10.0056,3.0
150,BUTTS RD,-8701444.122,5348741.913,West,Albion,0.0,2.0,2.0,1.0,"['34.4/13.8', '34.5/13.8']","['3.75/5.25', '5.25']",4.0,1223.0,2009-10-20,34.4,13.8,0.0,5.25,0.0,0.0,0.0,0.0,True,2.6927999999999996,2.0
151,BYRON STATION,-8690029.781,5324569.873,West,Byron,1.0,0.0,2.0,2.0,['34.5/4.8'],['1.5'],3.0,988.0,1971-01-01,34.5,4.8,0.0,1.5,0.0,0.0,0.0,0.0,True,1.321632,2.0
152,CAMILLUS,-8494038.632,5318449.395,Central,Camillus,0.0,1.0,2.0,3.0,['34.5/4.16'],['1.25'],3.0,863.0,1959-01-01,34.5,4.16,0.0,1.25,0.0,0.0,0.0,0.0,True,1.14816,2.0
153,CARDIFF,-8475580.76,5295306.177,Central,Lafayette,0.0,1.0,1.0,1.0,['34.5/4.16'],"['0.333', '0.667']",2.0,475.0,1956-01-01,34.5,4.16,0.0,0.333,0.0,0.0,0.0,0.0,True,0.60736,1.0
154,CAROGA,-8293209.741,5331039.389,East,Caroga,0.0,1.0,1.0,1.0,['23/4.8'],['2.5/3.1'],2.0,2150.0,1956-01-01,23.0,4.8,0.0,2.5,3.1,0.0,0.0,0.0,True,,
155,CARTHAGE,-8416785.583,5461766.098,Central,Wilna,1.0,5.0,3.0,3.0,['23/4.8'],['2'],9.0,1181.0,1955-01-01,23.0,4.8,0.0,2.0,0.0,0.0,0.0,0.0,True,,
156,CASSADAGA,,,West,Stockton,0.0,3.0,2.0,1.0,['34.5/4.8'],['3.75'],5.0,2064.0,2005-04-22,34.5,4.8,0.0,3.75,0.0,0.0,0.0,0.0,True,,
157,CASTLETON,,,East,Schodack,0.0,1.0,2.0,1.0,['34.5/4.8'],['1'],3.0,1320.0,1948-10-08,34.5,4.8,0.0,1.0,0.0,0.0,0.0,0.0,True,,
158,CATTARAUGUS,,,West,New Albion,0.0,2.0,2.0,1.0,['34.5/4.8'],['2.5'],4.0,1284.0,1984-01-01,34.5,4.8,0.0,2.5,0.0,0.0,0.0,0.0,True,,
159,CAVANAUGH,-8379214.612,5333521.449,Central,Marcy,1.0,0.0,4.0,1.0,['115/13.8'],['15/20/25'],5.0,4942.0,1996-07-26,115.0,13.8,0.0,15.0,20.0,25.0,0.0,0.0,True,,
160,CAZENOVIA,-8443099.501,5302421.456,Central,Cazenovia,0.0,1.0,3.0,1.0,['34.5/4.8'],['1.25'],4.0,941.0,1961-01-01,34.5,4.8,0.0,1.25,0.0,0.0,0.0,0.0,True,2.720016,3.0
161,CEDAR,-8193449.827,5361014.479,East,Cedar,2.0,0.0,3.0,1.0,['115/13.8'],['0.25'],5.0,6785.0,1993-01-01,115.0,13.8,0.0,0.25,0.0,0.0,0.0,0.0,True,,
162,CENTER ST.,-8279565.232,5305600.791,East,Center St.,2.0,0.0,3.0,1.0,['115/13.8'],['15/20/25'],5.0,3177.0,1992-01-01,115.0,13.8,0.0,15.0,20.0,25.0,0.0,0.0,True,,
163,CENTRAL SQUARE,,,Central,Central Square,0.0,2.0,1.0,1.0,['34.5/4.8'],['2.5'],3.0,674.0,1957-01-01,34.5,4.8,0.0,2.5,0.0,0.0,0.0,0.0,True,,
164,CENTRAL SQUARE STATION,-8475777.856,5357236.923,,,,,,,[],[],,,,,,,,,,,,,1.059216,1.0
165,CHADWICKS,-8378846.566,5317770.744,Central,Chadwicks,1.0,0.0,4.0,1.0,['115/13.8'],['12/16/20'],5.0,8758.0,1974-08-25,115.0,13.8,0.0,12.0,16.0,20.0,0.0,0.0,True,,
166,CHARLEY LAKE,,,East,Charley Lake,0.0,1.0,1.0,1.0,['23/2.4'],['0.1'],2.0,64.0,1990-01-01,23.0,2.4,0.0,0.1,0.0,0.0,0.0,0.0,True,,
167,CHASM FALLS,-8261790.322,5582846.159,Central,Malone,0.0,1.0,1.0,1.0,['34.5/13.8'],['5'],2.0,1204.0,1988-01-01,34.5,13.8,0.0,5.0,0.0,0.0,0.0,0.0,True,,
168,CHAUTAUQUA,,,West,Chautauqua,0.0,2.0,2.0,1.0,['34.4/.5'],['7.5/9.3'],4.0,2000.0,2012-05-17,34.4,0.5,0.0,7.5,9.3,0.0,0.0,0.0,True,,
169,CHESTERTOWN,-8216354.077,5411826.682,East,Chester,0.0,3.0,2.0,1.0,['34.5/13.8'],['7.5/9.3/10.5'],5.0,3991.0,1972-01-01,34.5,13.8,0.0,7.5,9.3,10.5,0.0,0.0,True,,
170,CHITTENANGO,-8445879.449,5318078.102,Central,Sullivan,0.0,1.0,2.0,1.0,['34.4/4.8'],['3.75'],3.0,1919.0,1959-01-01,34.4,4.8,0.0,3.75,0.0,0.0,0.0,0.0,True,1.024032,2.0
171,CHRISLER AVE,-8230848.309,5280008.089,East,Schenectady,0.0,1.0,3.0,2.0,['34.5/4.16'],['3/3.65'],4.0,2281.0,1957-01-01,34.5,4.16,0.0,3.0,3.65,0.0,0.0,0.0,True,,
172,CHURCH ST,-8257147.349,5302460.45,East,Amsterdam,2.0,0.0,7.0,1.0,['115/13.8'],"['12/16/20', '18/24/30']",9.0,8412.0,2012-06-20,115.0,13.8,0.0,12.0,16.0,20.0,0.0,0.0,True,,
173,CLEVELAND,-8447867.25,5348277.958,Central,Constantia,0.0,1.0,1.0,3.0,['34.5/4.8'],['0.83'],2.0,1163.0,1978-01-01,34.5,4.8,0.0,0.83,0.0,0.0,0.0,0.0,True,,
174,CLINTON CRCC,-8390631.862,5320222.72,Central,Kirkland,0.0,2.0,4.0,1.0,['46/13.8'],['7.5/9.4/10.5'],6.0,2886.0,1969-01-01,46.0,13.8,0.0,7.5,9.4,10.5,0.0,0.0,True,,
175,CLINTON ERCC,-8303292.015,5296889.64,East,Canajoharie,2.0,0.0,2.0,1.0,['115/13.8'],['12'],4.0,2989.0,1969-01-01,115.0,13.8,0.0,12.0,0.0,0.0,0.0,0.0,True,,
176,CLOVERBANK,-8782299.486,5273430.361,West,Hamburg,2.0,0.0,4.0,2.0,['115/13.8'],['10/12.5'],6.0,4882.0,1961-10-27,115.0,13.8,0.0,10.0,12.5,0.0,0.0,0.0,True,8.844,4.0
177,CLYMER,,,West,Clymer,0.0,2.0,2.0,1.0,['34.5/4.8'],['3.75'],4.0,879.0,2000-01-01,34.5,4.8,0.0,3.75,0.0,0.0,0.0,0.0,True,,
178,COBLESKILL,-8291666.386,5264603.027,East,Cobleskill,2.0,0.0,3.0,1.0,['69/4.8'],"['0.833', '5']",5.0,2372.0,1960-09-01,69.0,4.8,0.0,5.0,0.0,0.0,0.0,0.0,True,,
179,COFFEEN,-8454539.863,5463793.753,Central,Watertown,4.0,2.0,6.0,1.0,"['115/13.8', '115/23']","['12/16/22.4', '15/20/25']",12.0,6702.0,1972-06-05,115.0,13.8,0.0,12.0,16.0,22.4,0.0,0.0,True,,
180,COLLAMER CROSSING,-8465114.759,5328072.149,,,,,,,[],[],,,,,,,,,,,,,7.180931999999999,3.0
181,COLLINS,-8784636.321,5235381.195,West,Collins,0.0,2.0,2.0,1.0,['34.5/4.8'],['3.75/4.69'],4.0,1831.0,1978-01-01,34.5,4.8,0.0,3.75,4.69,0.0,0.0,0.0,True,2.0144159999999998,2.0
182,COLLINSVILLE,-8391763.63,5405575.747,Central,West Turin,0.0,1.0,3.0,1.0,['23/4.8'],['3.75/4.7'],4.0,1759.0,1970-01-01,23.0,4.8,0.0,3.75,4.7,0.0,0.0,0.0,True,,
183,COLOSSE,-8478088.99,5376709.09,Central,Mexico,0.0,1.0,1.0,1.0,['34.5/13.8'],['5.6/7.0'],2.0,2836.0,1982-01-01,34.5,13.8,0.0,5.6,7.0,0.0,0.0,0.0,True,,
184,COLVIN AVE,-8214649.8,5263392.184,East,Albany,0.0,3.0,3.0,1.0,['34.5/4.16'],['5/6.25'],6.0,2096.0,2006-10-11,34.5,4.16,0.0,5.0,6.25,0.0,0.0,0.0,True,,
185,COMMERCE AVE,-8212766.27,5262823.328,East,Albany,0.0,1.0,2.0,1.0,['34.5/13.8/7.9'],['7.5/8.4'],3.0,722.0,1988-01-01,34.5,13.8,7.9,7.5,8.4,0.0,0.0,0.0,True,,
186,COMSTOCK,-8172206.257,5382368.202,East,Fort Ann,1.0,0.0,1.0,1.0,['115/4.8'],['3.75'],2.0,435.0,1956-01-01,115.0,4.8,0.0,3.75,0.0,0.0,0.0,0.0,True,,
187,CONESUS LAKE,,,West,Conesus,0.0,1.0,3.0,1.0,['34.5/4.8'],['2.5'],4.0,1673.0,1967-05-23,34.5,4.8,0.0,2.5,0.0,0.0,0.0,0.0,True,2.190384,2.0
188,CONKLING,-8374165.385,5325574.426,Central,Utica,0.0,1.0,4.0,1.0,['43.8/4.36'],['5/6.25'],5.0,3611.0,1956-01-01,43.8,4.36,0.0,5.0,6.25,0.0,0.0,0.0,True,,
189,CONSTANTIA,-8460394.954,5350247.518,Central,Constantia,0.0,1.0,1.0,1.0,['34.5/4.16'],['3/3.65'],2.0,810.0,1979-01-01,34.5,4.16,0.0,3.0,3.65,0.0,0.0,0.0,True,0.8236800000000001,1.0
190,CORFU STATION,-8728173.596,5306351.738,West,Pembroke,0.0,2.0,2.0,2.0,['34.5/4.8'],['1.5'],4.0,757.0,1974-01-01,34.5,4.8,0.0,1.5,0.0,0.0,0.0,0.0,True,0.6479999999999999,2.0
191,CORINTH,-8218775.352,5349680.079,East,Corinth,0.0,1.0,2.0,1.0,['34.5/13.8'],['7.5/9.375/10.5'],3.0,4013.0,1992-01-01,34.5,13.8,0.0,7.5,9.375,10.5,0.0,0.0,True,,
192,CORLISS PARK,-8200604.529,5279689.537,East,Troy,0.0,1.0,3.0,1.0,['34.5/4.16'],['5/6.25'],4.0,2566.0,1963-11-01,34.5,4.16,0.0,5.0,6.25,0.0,0.0,0.0,True,,
193,CORTLAND,-8477225.684,5250520.142,Central,Cortlandville,2.0,0.0,4.0,2.0,"['115/34.5', '34.5/4.8']","['1.667/1.9', '30/40/50']",6.0,2403.0,1962-02-01,115.0,34.5,0.0,30.0,40.0,50.0,0.0,0.0,True,,
194,CROWN POINT,-8173016.627,5457905.971,East,Crown Point,1.0,0.0,1.0,1.0,['115/13.8'],['7.5/9.375'],2.0,1221.0,2007-07-01,115.0,13.8,0.0,7.5,9.375,0.0,0.0,0.0,True,,
195,CUBA,,,West,Cuba,0.0,2.0,3.0,1.0,['34.4/5.04'],['3.75/4.688'],5.0,1315.0,2010-02-05,34.4,5.04,0.0,3.75,4.688,0.0,0.0,0.0,True,,
196,CUBA LAKE,,,West,Cuba,0.0,1.0,2.0,1.0,['34.5/4.8'],['2.5'],3.0,1527.0,1964-01-01,34.5,4.8,0.0,2.5,0.0,0.0,0.0,0.0,True,,
197,CURRY RD,-8230137.34,5275730.486,East,Rotterdam,2.0,0.0,6.0,1.0,['115/13.8'],"['18/24/30', '20/26.7/33.3']",8.0,11369.0,1969-10-01,115.0,13.8,0.0,18.0,24.0,30.0,0.0,0.0,True,,
198,CUYLER,-8455784.615,5272292.424,Central,Cuyler,0.0,1.0,1.0,6.0,['34.5/4.16'],['0.2'],2.0,417.0,1970-01-01,34.5,4.16,0.0,0.2,0.0,0.0,0.0,0.0,True,0.5130528000000001,1.0
199,DARIEN STATION,-8726259.069,5300334.18,West,Darien,0.0,2.0,2.0,1.0,['34.5/4.8'],['3.75'],4.0,1283.0,1993-01-01,34.5,4.8,0.0,3.75,0.0,0.0,0.0,0.0,True,2.3424,2.0
200,DAVID,-8401682.432,5573646.421,Central,Ogdensburg,0.0,1.0,3.0,3.0,['23/4.8'],['2'],4.0,1049.0,1960-01-01,23.0,4.8,0.0,2.0,0.0,0.0,0.0,0.0,True,,
201,DEBALSO SUBSTATION,,,Central,New Hartford,1.0,0.0,3.0,1.0,['115/13.8'],['15/20/25'],4.0,4929.0,1992-07-06,115.0,13.8,0.0,15.0,20.0,25.0,0.0,0.0,True,,
202,DEERFIELD,-8372921.658,5333948.558,Central,Deerfield,3.0,4.0,3.0,1.0,"['115/13.8', '115/46']","['12/16/20', '20']",10.0,4206.0,2001-06-28,115.0,13.8,0.0,12.0,16.0,20.0,0.0,0.0,True,,
203,DEKALB E.S.,-8375949.141,5542177.664,Central,Dekalb,2.0,0.0,2.0,1.0,['115/13.8'],['7.5/10.5'],4.0,1778.0,1990-01-01,115.0,13.8,0.0,7.5,10.5,0.0,0.0,0.0,True,,
204,DELAMETER RD,-8794384.592,5260692.204,West,Evans,0.0,2.0,4.0,1.0,['115/13.8'],['12/16/20'],6.0,8448.0,1974-10-01,115.0,13.8,0.0,12.0,16.0,20.0,0.0,0.0,True,13.349687999999999,4.0
205,DELANSON,-8259942.666,5275615.315,East,Duanesburg,1.0,0.0,2.0,1.0,['69/13.8'],['0'],3.0,4074.0,2012-03-28,69.0,13.8,0.0,0.0,0.0,0.0,0.0,0.0,True,,
206,DELAWARE AVE,-8212654.324,5257726.612,East,Albany,0.0,2.0,4.0,1.0,"['34.4/13.8', '34.5/4.16']","['10/12.5', '5/6.25']",6.0,3394.0,2005-07-15,34.4,13.8,0.0,10.0,12.5,0.0,0.0,0.0,True,,
207,DELEVAN,-8735250.749,5234618.293,West,Yorkshire,0.0,1.0,2.0,2.0,['34.5/4.8'],['1.5'],3.0,1579.0,1953-01-01,34.5,4.8,0.0,1.5,0.0,0.0,0.0,0.0,True,1.400016,2.0
208,DELMAR,-8219216.671,5254917.447,East,Bethlehem,0.0,2.0,6.0,1.0,"['34.4/4.8', '34.5/4.8']",['5/6.25'],8.0,2543.0,1960-07-01,34.4,4.8,0.0,5.0,6.25,0.0,0.0,0.0,True,,
209,DELPHI,-8448192.92,5288648.42,Central,Cazenovia,2.0,0.0,2.0,1.0,['113/13.8'],['7.5/8.4'],4.0,2972.0,1970-01-01,113.0,13.8,0.0,7.5,8.4,0.0,0.0,0.0,True,4.259244,3.0
210,DEPOT SUBSTATION,,,East,Guilderland,0.0,1.0,2.0,1.0,['34.5/13.8'],['3.5'],3.0,113.0,2000-10-01,34.5,13.8,0.0,3.5,0.0,0.0,0.0,0.0,True,,
211,DEXTER,-8465303.701,5465341.596,Central,Hounsfield,0.0,1.0,1.0,1.0,['23/4.8'],['0.833'],2.0,246.0,1960-01-01,23.0,4.8,0.0,0.833,0.0,0.0,0.0,0.0,True,,
212,DORWIN,-8476821.412,5309489.368,Central,Onondaga,0.0,4.0,2.0,1.0,['34.5/4.16'],['5'],6.0,2171.0,1961-01-01,34.5,4.16,0.0,5.0,0.0,0.0,0.0,0.0,True,3.3044128,4.0
213,DUGAN RD.,,,West,Olean,2.0,0.0,6.0,1.0,['115/13.8'],['15/20/25'],8.0,5190.0,1991-05-21,115.0,13.8,0.0,15.0,20.0,25.0,0.0,0.0,True,,
214,DUGUID,-8457656.225,5316833.188,Central,Manlius,1.0,0.0,5.0,1.0,['115/13.8'],['20/26/33'],6.0,9851.0,1999-02-12,115.0,13.8,0.0,20.0,26.0,33.0,0.0,0.0,True,19.861511999999998,5.0
215,E BATAVIA STATION,-8698389.255,5310451.147,West,Batavia,2.0,0.0,4.0,2.0,['115/13.8'],['20/26.67/33.33'],6.0,6289.0,2009-05-27,115.0,13.8,0.0,20.0,26.67,33.33,0.0,0.0,True,12.5532,4.0
216,E. DUNKIRK,-8829036.971,5234098.675,West,Dunkirk,2.0,0.0,5.0,1.0,['113/13.8'],['7.5/8.4'],7.0,3086.0,2010-10-07,113.0,13.8,0.0,7.5,8.4,0.0,0.0,0.0,True,3.599243999999999,3.0
217,E.J. WEST HYDRO,-8228717.502,5360512.348,East,Hadley,1.0,0.0,1.0,1.0,['115/13.8'],['6/7.5'],2.0,1225.0,2006-10-05,115.0,13.8,0.0,6.0,7.5,0.0,0.0,0.0,True,,
218,EAGLE BA,,,Central,Inlet,1.0,0.0,2.0,3.0,['46/4.8'],['1.25'],3.0,2129.0,1957-01-01,46.0,4.8,0.0,1.25,0.0,0.0,0.0,0.0,True,,
219,EAGLE HARBOR,-8711091.943,5348014.403,West,Albion,0.0,2.0,2.0,1.0,['34.5/4.8'],['2.5'],4.0,1188.0,1972-01-01,34.5,4.8,0.0,2.5,0.0,0.0,0.0,0.0,True,1.5759839999999998,2.0
220,EAST FULTON SUBSTATION,,,Central,Volney,0.0,1.0,2.0,1.0,['34.5/4.8'],['3.75'],3.0,1402.0,1954-01-01,34.5,4.8,0.0,3.75,0.0,0.0,0.0,0.0,True,,
221,EAST GOLAH,-8648798.897,5304136.973,West,Rush,2.0,0.0,6.0,1.0,['115/13.8'],"['15/20/25', '20/26.7/33.3']",8.0,7521.0,2011-05-09,115.0,13.8,0.0,15.0,20.0,25.0,0.0,0.0,True,21.916488,6.0
222,EAST MOLLOY ROAD,-8471333.292,5326744.474,Central,Dewitt,2.0,0.0,4.0,1.0,['115/13.8'],['15'],6.0,2340.0,2002-07-15,115.0,13.8,0.0,15.0,0.0,0.0,0.0,0.0,True,11.655467999999999,4.0
223,EAST NORFOLK,-8347291.039,5589912.069,Central,Norfolk,0.0,1.0,2.0,3.0,['23/4.8'],['1'],3.0,1377.0,1972-01-01,23.0,4.8,0.0,1.0,0.0,0.0,0.0,0.0,True,,
224,EAST OTTO,,,West,East Otto,0.0,2.0,2.0,1.0,['34.5/4.8'],['2.5'],4.0,906.0,1958-01-01,34.5,4.8,0.0,2.5,0.0,0.0,0.0,0.0,True,,
225,EAST PULASKI,-8471857.167,5395580.731,Central,Richland,1.0,0.0,2.0,1.0,['115/13.8'],['7.5/9.4'],3.0,3744.0,1988-01-01,115.0,13.8,0.0,7.5,9.4,0.0,0.0,0.0,True,,
226,EAST SCHODACK,-8197314.438,5245554.538,East,Schodack,0.0,1.0,1.0,1.0,['34.5/4.8'],['3.75/4.687'],2.0,550.0,1991-01-01,34.5,4.8,0.0,3.75,4.687,0.0,0.0,0.0,True,,
227,EAST SPRINGFIELD,-8327065.149,5286042.382,East,Springfield,2.0,0.0,1.0,1.0,['115/13.8'],['6/7.5'],3.0,1105.0,2005-11-13,115.0,13.8,0.0,6.0,7.5,0.0,0.0,0.0,True,,
228,EAST SYRACUSE,,,Central,Dewitt,0.0,1.0,4.0,1.0,['34.5/4.16'],['5/6.3'],5.0,2008.0,1959-01-01,34.5,4.16,0.0,5.0,6.3,0.0,0.0,0.0,True,,
229,EAST WATERTOWN,-8444086.433,5455964.298,Central,Watertown,2.0,0.0,4.0,1.0,['115/13.8'],['12/16/20'],6.0,6630.0,1973-01-01,115.0,13.8,0.0,12.0,16.0,20.0,0.0,0.0,True,,
230,EAST WORCESTER,-8312366.709,5254224.434,East,Worcester,0.0,1.0,1.0,1.0,['34.5/13.8/4.8'],['5'],2.0,756.0,1993-01-01,34.5,13.8,4.8,5.0,0.0,0.0,0.0,0.0,True,,
231,EDEN CENTER,-8783218.63,5258752.323,West,Eden,0.0,1.0,2.0,1.0,"['34.5/4.8', '345/120/13.8', '345/230/13.2']","['3.75', '340/443', '400/448']",3.0,1859.0,1960-01-01,34.5,4.8,0.0,3.75,0.0,0.0,0.0,0.0,True,2.0928,2.0
232,EDWARDS,-8376382.943,5516734.488,Central,Edwards,0.0,1.0,1.0,1.0,['34.5/4.8'],['1/1.15'],2.0,664.0,1957-01-01,34.5,4.8,0.0,1.0,1.15,0.0,0.0,0.0,True,,
233,EFFLEY FALLS,,,Central,Croghan,7.0,5.0,0.0,1.0,['115/23'],['20/26.7/33.3'],12.0,38.0,1993-01-01,115.0,23.0,0.0,20.0,26.7,33.3,0.0,0.0,True,,
234,ELBA STATION,-8703680.485,5322917.028,West,Elba,0.0,2.0,1.0,2.0,['34.5/4.8'],['1.5'],3.0,938.0,1952-01-01,34.5,4.8,0.0,1.5,0.0,0.0,0.0,0.0,True,1.8192000000000002,1.0
235,ELLICOTT,,,West,Ellicott,0.0,2.0,1.0,1.0,['34.5/4.8'],['2.5/3.13'],3.0,770.0,1975-01-01,34.5,4.8,0.0,2.5,3.13,0.0,0.0,0.0,True,,
236,ELM STREET,,,Central,Malone,0.0,2.0,2.0,2.0,"['34.4/4.8', '34.5/4.8']",['1.67/1.92'],4.0,1725.0,1963-10-01,34.4,4.8,0.0,1.67,1.92,0.0,0.0,0.0,True,,
237,ELNORA,-8219604.361,5295480.822,East,Clifton Park,1.0,0.0,4.0,1.0,['115/13.8'],['15/20/25'],5.0,5469.0,2000-09-29,115.0,13.8,0.0,15.0,20.0,25.0,0.0,0.0,True,,
238,ELSMERE,-8216427.307,5255476.43,East,Bethlehem,0.0,1.0,2.0,1.0,['34.5/4.8'],['7.5/9.375'],3.0,1312.0,1971-01-01,34.5,4.8,0.0,7.5,9.375,0.0,0.0,0.0,True,,
239,EMMET,-8230314.865,5282432.814,East,Schenectady,0.0,3.0,6.0,1.0,['34.5/4.16'],"['3/3.65', '3/6.25']",9.0,3699.0,1954-01-01,34.5,4.16,0.0,3.0,3.65,0.0,0.0,0.0,True,,
240,EPHRATAH,-8297418.856,5313448.506,East,Ephratah,2.0,1.0,2.0,1.0,"['69/23/13.2', '69/4.8']","['1.67', '5']",5.0,944.0,2007-10-01,69.0,23.0,13.2,5.0,0.0,0.0,0.0,0.0,True,,
241,EUCLID,-8484498.518,5339857.958,Central,Clay,2.0,0.0,6.0,2.0,['115/13.8'],['20/26.7/33.3'],8.0,10360.0,1988-07-11,115.0,13.8,0.0,20.0,26.7,33.3,0.0,0.0,True,17.300843999999998,6.0
242,EVERETT RD,-8211943.377,5265699.462,East,Colonie,1.0,0.0,4.0,1.0,['115/13.8'],['15/20/25'],5.0,4706.0,1990-01-01,115.0,13.8,0.0,15.0,20.0,25.0,0.0,0.0,True,,
243,FABIUS,-8459548.098,5287656.272,Central,Fabius,0.0,2.0,1.0,1.0,"['34.4/4.8', '34.5/4.8']",['0.83'],3.0,476.0,1959-01-01,34.4,4.8,0.0,0.83,0.0,0.0,0.0,0.0,True,0.5408160000000001,1.0
244,FAIRDALE,-8521261.54,5361662.517,Central,Hannibal,0.0,1.0,2.0,1.0,['34.5/4.8'],['2.5/3.125'],3.0,1578.0,1956-01-01,34.5,4.8,0.0,2.5,3.125,0.0,0.0,0.0,True,,
245,FARMERSVILLE,,,West,Farmersville,0.0,1.0,2.0,3.0,['34.5/4.8'],['0.833'],3.0,1071.0,1966-01-01,34.5,4.8,0.0,0.833,0.0,0.0,0.0,0.0,True,1.1840159999999997,2.0
246,FARNAN RD MINI,,,East,Moreau,0.0,1.0,1.0,1.0,['34.5/13.8'],['0.5'],2.0,1025.0,1992-10-01,34.5,13.8,0.0,0.5,0.0,0.0,0.0,0.0,True,,
247,FAYETTE STREET,-8478803.467,5319082.942,Central,Syracuse,0.0,4.0,13.0,2.0,['34.5/4.16'],['12/16/20'],17.0,7041.0,1967-01-01,34.5,4.16,0.0,12.0,16.0,20.0,0.0,0.0,True,6.023680000000001,8.0
248,FINDLEY LAKE,,,West,Mina,0.0,1.0,2.0,1.0,['34.5/4.8'],['2.5'],3.0,992.0,1969-01-01,34.5,4.8,0.0,2.5,0.0,0.0,0.0,0.0,True,,
249,FINE,-8363729.763,5504213.628,Central,Fine,0.0,1.0,1.0,1.0,['34.5/4.8'],['1'],2.0,402.0,1952-01-01,34.5,4.8,0.0,1.0,0.0,0.0,0.0,0.0,True,,
250,FIREHOUSE,-8209990.597,5285093.622,East,Halfmoon,2.0,0.0,2.0,1.0,['115/13.8'],['15/20/25'],4.0,4492.0,1991-01-01,115.0,13.8,0.0,15.0,20.0,25.0,0.0,0.0,True,,
251,FISHER,-8481213.875,5253797.483,Central,Cortlandville,0.0,1.0,2.0,1.0,['34.5/13.8'],['5/6.25'],3.0,2439.0,1972-01-01,34.5,13.8,0.0,5.0,6.25,0.0,0.0,0.0,True,,
252,FLORIDA,,,East,Florida,1.0,0.0,2.0,1.0,['69/13.2'],['11.2/14'],3.0,2538.0,2011-12-16,69.0,13.2,0.0,11.2,14.0,0.0,0.0,0.0,True,,
253,FLY RD,-8466678.783,5324986.591,Central,Dewitt,2.0,0.0,4.0,1.0,['115/13.8'],['20/26.67/33.33'],6.0,3756.0,2008-03-01,115.0,13.8,0.0,20.0,26.67,33.33,0.0,0.0,True,13.543199999999999,4.0
254,FORT GAGE,-8205496.579,5374364.375,East,Lake George,0.0,2.0,1.0,1.0,['34.4/13.8'],['5/5.6/7'],3.0,2088.0,1968-02-01,34.4,13.8,0.0,5.0,5.6,7.0,0.0,0.0,True,,
255,FORTS FERRY,-8211817.94,5276079.235,East,Colonie,2.0,0.0,4.0,1.0,['115/13.8'],['15/20/25'],6.0,2146.0,2006-03-30,115.0,13.8,0.0,15.0,20.0,25.0,0.0,0.0,True,,
256,FRANKFORT,-8355842.922,5317627.612,Central,Frankfort,0.0,1.0,2.0,1.0,['46/4.16'],['3.75/4.68'],3.0,773.0,1968-01-01,46.0,4.16,0.0,3.75,4.68,0.0,0.0,0.0,True,,
257,FRANKLIN,-8234607.461,5533304.401,Central,Franklin,0.0,2.0,0.0,1.0,['46/4.8'],['0.25'],2.0,184.0,1992-01-01,46.0,4.8,0.0,0.25,0.0,0.0,0.0,0.0,True,,
258,FRANKLINVILLE,,,West,Franklinville,0.0,2.0,3.0,1.0,['34.4/5.04'],['3.75/4.69'],5.0,2548.0,2004-09-02,34.4,5.04,0.0,3.75,4.69,0.0,0.0,0.0,True,,
259,FRENCH MOUNTAIN,-8203741.666,5368367.561,East,Queensbury,0.0,1.0,1.0,1.0,['34.5/13.8'],['5'],2.0,598.0,2006-06-02,34.5,13.8,0.0,5.0,0.0,0.0,0.0,0.0,True,,
260,FREWSBURG,,,West,Carroll,0.0,2.0,3.0,1.0,['34.5/4.8'],['5.6/7.0'],5.0,2069.0,1985-01-01,34.5,4.8,0.0,5.6,7.0,0.0,0.0,0.0,True,,
261,FRONT ST,-8231117.439,5284816.509,East,Schenectady,2.0,0.0,10.0,1.0,['115/13.8'],"['24/35.8/44.8', '26.9/35.8/44.8']",12.0,6666.0,1992-01-01,115.0,13.8,0.0,24.0,35.8,44.8,0.0,0.0,True,11.035332,6.0
262,FT. COVINGTON,-8292485.397,5618872.385,Central,Fort Covington,0.0,1.0,1.0,1.0,['34.4/13.8'],['5/6.25'],2.0,1066.0,1969-01-01,34.4,13.8,0.0,5.0,6.25,0.0,0.0,0.0,True,,
263,GABRIELS,-8258262.277,5532533.177,Central,Brighton,1.0,2.0,1.0,1.0,['46/4.8'],['1.28'],4.0,639.0,1991-01-01,46.0,4.8,0.0,1.28,0.0,0.0,0.0,0.0,True,,
264,GALEVILLE,,,Central,Salina,0.0,1.0,3.0,1.0,['34.5/4.16'],['5'],4.0,1713.0,1959-01-01,34.5,4.16,0.0,5.0,0.0,0.0,0.0,0.0,True,3.4389472000000003,3.0
265,GASPORT,-8747195.427,5343521.084,West,Royalton,0.0,2.0,2.0,1.0,['34.5/5.04'],['3.75/4.68'],4.0,1711.0,2005-05-01,34.5,5.04,0.0,3.75,4.68,0.0,0.0,0.0,True,2.856,2.0
266,GENESEE ST.,-8208612.578,5261836.816,East,Albany,0.0,2.0,6.0,2.0,['34.5/4.16'],['5/6.25'],8.0,1653.0,1991-01-01,34.5,4.16,0.0,5.0,6.25,0.0,0.0,0.0,True,,
267,GENESEO,-8655436.229,5280114.513,West,Geneseo,0.0,2.0,2.0,1.0,['34.5/13.8'],['3.75'],4.0,815.0,1973-01-01,34.5,13.8,0.0,3.75,0.0,0.0,0.0,0.0,True,2.142756,2.0
268,GILBERT MILLS,-8487955.247,5358661.537,Central,Schroeppel,2.0,0.0,2.0,1.0,['115/13.8'],['7.5/9.4'],4.0,4392.0,1968-01-01,115.0,13.8,0.0,7.5,9.4,0.0,0.0,0.0,True,7.119287999999999,3.0
269,GILMANTOWN,-8276028.328,5387138.788,East,Lake Pleasant,0.0,1.0,2.0,1.0,['23/13.8'],['0.5'],3.0,2112.0,1995-11-02,23.0,13.8,0.0,0.5,0.0,0.0,0.0,0.0,True,,
270,GILPIN BAY,-8276411.411,5509275.729,Central,Santa Clara,1.0,1.0,1.0,1.0,['46/4.8'],['5'],3.0,939.0,1989-01-01,46.0,4.8,0.0,5.0,0.0,0.0,0.0,0.0,True,,
271,GLENS FALLS,,,East,Glens Falls,0.0,6.0,4.0,1.0,"['34.5/4.16', '34.5/4.8']","['2.83/3.2', '3.75']",10.0,994.0,1998-01-01,34.5,4.16,0.0,2.83,3.2,0.0,0.0,0.0,True,2.4100128,2.0
272,GLENWOOD,-8480153.791,5315311.081,Central,Syracuse,0.0,1.0,3.0,1.0,['34.5/4.16'],['5/6.25'],4.0,2779.0,1960-09-01,34.5,4.16,0.0,5.0,6.25,0.0,0.0,0.0,True,,
273,GLOVERSVILLE,-8275980.109,5321387.157,East,Gloversville,0.0,2.0,8.0,1.0,"['69/13.8', '69/4.16/13.2']","['15/20/25', '8.4/10.5']",10.0,7932.0,1996-01-01,69.0,13.8,0.0,15.0,20.0,25.0,0.0,0.0,True,,
274,GRANBY CENTER,-8512331.045,5362070.399,Central,Granby,0.0,1.0,1.0,1.0,['34.5/13.8'],['5/6.25'],2.0,2184.0,1974-01-01,34.5,13.8,0.0,5.0,6.25,0.0,0.0,0.0,True,,
275,GRAND ST.,-8291073.962,5262029.939,East,Cobleskill,1.0,0.0,2.0,1.0,['69/13.8'],['5'],3.0,1789.0,1987-01-01,69.0,13.8,0.0,5.0,0.0,0.0,0.0,0.0,True,,
276,GREENBUSH,-8205897.468,5252159.948,East,East Greenbush,7.0,5.0,7.0,1.0,"['113/13.8', '115/13.8', '115/34.5/13.8']","['18/24/30', '20/26/33', '30/40/50']",19.0,8595.0,1970-04-04,113.0,13.8,0.0,18.0,24.0,30.0,0.0,0.0,True,,
277,GREENHURST,,,West,Ellery,0.0,2.0,2.0,1.0,['34.5/4.8'],['2.5'],4.0,832.0,1989-01-01,34.5,4.8,0.0,2.5,0.0,0.0,0.0,0.0,True,,
278,GROOMS,-8218570.016,5286862.497,East,Clifton Park,2.0,0.0,6.0,2.0,['115/13.8'],['20.2/26.9/33.6'],8.0,12907.0,1974-01-01,115.0,13.8,0.0,20.2,26.9,33.6,0.0,0.0,True,,
279,GROVELAND,-8656856.603,5260932.648,West,Groveland,0.0,1.0,1.0,1.0,['34.5/4.8'],['0.75'],2.0,174.0,2002-11-12,34.5,4.8,0.0,0.75,0.0,0.0,0.0,0.0,True,0.200016,1.0
280,HAGUE,-8175971.032,5441573.847,East,Ticonderoga,2.0,0.0,4.0,1.0,['115/13.8'],['13.4/17.9/22.4'],6.0,5038.0,1974-07-01,115.0,13.8,0.0,13.4,17.9,22.4,0.0,0.0,True,,
281,HAMMOND,-8426011.25,5535305.637,Central,Hammond,0.0,1.0,2.0,1.0,['23/4.8'],['3.75/5.25'],3.0,1607.0,1996-01-01,23.0,4.8,0.0,3.75,5.25,0.0,0.0,0.0,True,,
282,HANCOCK,-8473701.451,5327102.802,Central,Salina,0.0,2.0,3.0,2.0,['34.5/4.16'],"['1.25', '1.67']",5.0,1154.0,1953-01-01,34.5,4.16,0.0,1.25,0.0,0.0,0.0,0.0,True,1.6931200000000002,2.0
283,HANCOCK #2,-8473811.092,5327126.286,,,,,,,[],[],,,,,,,,,,,,,1.8215999999999999,1.0
284,HARRIS ROAD,-8485903.32,5314597.337,Central,Onondaga,1.0,4.0,5.0,1.0,"['115/13.8', '115/34.5']","['20/26.7', '20/26.7/33.3']",10.0,8631.0,2007-08-01,115.0,13.8,0.0,20.0,26.7,33.3,0.0,0.0,True,23.161512,7.0
285,HARTFIELD,,,West,Chautauqua,1.0,0.0,2.0,1.0,"['113/13.8', '115/34.5']","['15/20', '7.5/9.4']",3.0,1529.0,1956-06-12,113.0,13.8,0.0,7.5,9.4,0.0,0.0,0.0,True,,
286,HEMLOCK,-8639353.726,5280674.133,West,Livonia,0.0,1.0,1.0,1.0,['34.5/13.8'],['3.75/4.2/4.68/5'],2.0,657.0,1992-01-01,34.5,13.8,0.0,3.75,4.2,4.68,5.0,0.0,True,1.584,1.0
287,HEMSTREET,-8194287.325,5297927.596,East,Schaghticoke,1.0,0.0,2.0,1.0,['115/13.8'],['10/12.5'],3.0,2718.0,1996-01-01,115.0,13.8,0.0,10.0,12.5,0.0,0.0,0.0,True,,
288,HENRY STREET,-8198047.485,5358459.421,East,Glens Falls,0.0,2.0,6.0,2.0,['34.5/4.16'],['5/6.25'],8.0,3356.0,1998-01-01,34.5,4.16,0.0,5.0,6.25,0.0,0.0,0.0,True,0.37161279999999997,1.0
289,HIGLEY,-8341524.951,5547875.201,Central,Colton,1.0,0.0,2.0,1.0,['115/13.8'],['5/5.6/7.0'],3.0,2709.0,1975-01-01,115.0,13.8,0.0,5.0,5.6,7.0,0.0,0.0,True,,
290,HILL ST.,-8276989.241,5317607.914,East,Gloversville,0.0,2.0,6.0,1.0,['69/4.16'],['10/12.5'],8.0,2930.0,1999-01-01,69.0,4.16,0.0,10.0,12.5,0.0,0.0,0.0,True,,
291,HINSDALE,-8490029.728,5319008.042,Central,Camillus,0.0,1.0,4.0,1.0,['34.5/4.16'],['5/6.25'],5.0,1922.0,2001-08-31,34.5,4.16,0.0,5.0,6.25,0.0,0.0,0.0,True,3.9936,4.0
292,HOAG,-8183599.196,5247311.445,East,Nassau,0.0,2.0,3.0,3.0,['34.5/4.8'],['0.667'],5.0,1030.0,1948-01-01,34.5,4.8,0.0,0.667,0.0,0.0,0.0,0.0,True,,
293,HOMER,-8479887.672,5256855.543,Central,Homer,0.0,1.0,3.0,1.0,['34.5/4.8'],"['2.5/2.875', '2.5/3.13']",4.0,1391.0,1953-01-01,34.5,4.8,0.0,2.5,2.875,0.0,0.0,0.0,True,,
294,HOOSICK,-8166109.932,5298600.525,East,Hoosick,1.0,2.0,2.0,1.0,"['115/13.8', '115/34.5/13.8']","['6.7/8.3', '7.5/8.4/10.5']",5.0,3508.0,1973-09-17,115.0,13.8,0.0,7.5,8.4,10.5,0.0,0.0,True,,
295,HOPKINS,-8479540.717,5328654.857,Central,Salina,2.0,0.0,8.0,1.0,['115/13.8'],"['18/24/36', '20/26.67/33.33']",10.0,10235.0,2012-10-02,115.0,13.8,0.0,18.0,24.0,36.0,0.0,0.0,True,24.2616,7.0
296,HUDSON,,,East,Greenport,2.0,1.0,6.0,1.0,"['115/13.8', '115/13.8/7.97', '115/34.5/4.1']","['12/16/20/22.4', '20/26/33', '30/40/50']",9.0,9659.0,1968-01-24,115.0,13.8,0.0,12.0,16.0,20.0,22.4,0.0,True,,
297,HUDSON FALLS,-8192225.23,5355675.774,East,Fort Edward,0.0,3.0,1.0,1.0,['34.5/13.8'],['5'],4.0,1631.0,1994-01-01,34.5,13.8,0.0,5.0,0.0,0.0,0.0,0.0,True,,
298,INDIAN LAKE,-8267063.233,5431139.327,East,Indian Lake,0.0,1.0,2.0,3.0,['34.5/4.8'],['1/1.25'],3.0,1657.0,1989-01-01,34.5,4.8,0.0,1.0,1.25,0.0,0.0,0.0,True,,
299,INDIAN RIVER,-8440559.66,5477050.722,Central,Leray,1.0,1.0,3.0,1.0,"['115/13.8', '115/23']","['15/25', '25']",5.0,5830.0,1988-09-01,115.0,13.8,0.0,25.0,0.0,0.0,0.0,0.0,True,,
300,INGHAMS,-8322644.163,5321156.643,East,Manheim,6.0,3.0,1.0,1.0,"['115', '115/13.8', '115/46']","['155.9', '20/26.7/33.3', '7.5/9.375/10.5']",10.0,1236.0,2003-09-18,115.0,0.0,0.0,155.9,0.0,0.0,0.0,0.0,True,,
301,INMAN RD,-8222625.566,5279963.051,East,Niskayuna,2.0,0.0,8.0,1.0,['115/13.8'],"['18/24/30', '20/26.6/33.3']",10.0,6174.0,2011-10-27,115.0,13.8,0.0,18.0,24.0,30.0,0.0,0.0,True,,
302,JEWETT,-8508693.884,5306881.951,Central,Skaneateles,0.0,2.0,3.0,1.0,['34.5/13.8'],['10/12.5'],5.0,2239.0,2004-01-01,34.5,13.8,0.0,10.0,12.5,0.0,0.0,0.0,True,5.878487999999999,3.0
303,JOHNSON,-8209064.173,5276239.269,East,Colonie,2.0,0.0,6.0,1.0,"['113/13.8', '115/13.8']",['12/16/20'],8.0,7333.0,1969-04-29,113.0,13.8,0.0,12.0,16.0,20.0,0.0,0.0,True,,
304,JOHNSTOWN,-8279480.966,5314285.296,East,Johnstown,0.0,2.0,7.0,1.0,"['69/4.16', '69/4.16/4.8']","['10/12.5', '5/5.6']",9.0,3348.0,2001-12-26,69.0,4.16,0.0,5.0,5.6,0.0,0.0,0.0,True,,
305,JUNIPER,-8220841.385,5252104.206,East,Bethlehem,0.0,1.0,1.0,1.0,['34.5/13.8'],['3.75/4.687'],2.0,653.0,1993-01-01,34.5,13.8,0.0,3.75,4.687,0.0,0.0,0.0,True,1.848,1.0
306,KARNER,-8219538.314,5269478.168,East,Colonie,0.0,2.0,6.0,2.0,['34.5/4.16'],['5/6.25'],8.0,2427.0,1959-01-01,34.5,4.16,0.0,5.0,6.25,0.0,0.0,0.0,True,,
307,KNAPP RD,-8735293.141,5313881.892,West,Newstead,2.0,0.0,3.0,1.0,['115/13.8'],['15/20/25'],5.0,3944.0,2004-08-27,115.0,13.8,0.0,15.0,20.0,25.0,0.0,0.0,True,10.309332,3.0
308,KNIGHTS CREEK,,,West,Scio,0.0,2.0,2.0,1.0,['34.5/4.8'],['1.5'],4.0,1100.0,1959-01-01,34.5,4.8,0.0,1.5,0.0,0.0,0.0,0.0,True,,
309,LABRADOR,-8463167.36,5269947.998,Central,Truxton,1.0,1.0,1.0,1.0,"['115/34.5', '34.5/13.8']","['1.5', '7.5']",3.0,66.0,1983-01-01,115.0,34.5,0.0,7.5,0.0,0.0,0.0,0.0,True,0.1848,1.0
310,LAKE COLBY SUBSTATION,,,Central,St. Armand,2.0,2.0,2.0,1.0,"['115/13.8', '115/15', '115/46']","['13.4/17.9/22.4', '18/24/26.9/33.6', '20.2/26.9/33.6', '49/66/82']",6.0,3207.0,1976-05-04,115.0,13.8,0.0,13.4,17.9,22.4,0.0,0.0,True,,
311,LAKE RD,-8506021.103,5390809.16,Central,Scriba,1.0,0.0,2.0,1.0,['115/13.8'],['12/16/20'],3.0,766.0,1976-01-01,115.0,13.8,0.0,12.0,16.0,20.0,0.0,0.0,True,,
312,LAKEVIEW,-8787777.431,5268126.267,West,Hamburg,2.0,0.0,4.0,1.0,['115/13.8'],['15/20/25'],6.0,5057.0,2005-03-30,115.0,13.8,0.0,15.0,20.0,25.0,0.0,0.0,True,7.849512,4.0
313,LAKEVILLE,-8651250.065,5286795.01,West,Geneseo,0.0,0.0,0.0,1.0,['115/34.5'],['25/33.3/41.7'],0.0,1475.0,1970-01-01,115.0,34.5,0.0,25.0,33.3,41.7,0.0,0.0,True,2.422416,2.0
314,LAKEVILLE SUBSTATION NO. 40,,,West,Geneseo,0.0,5.0,6.0,1.0,['34.5/4.8'],['3.75'],11.0,1366.0,1971-01-01,34.5,4.8,0.0,3.75,0.0,0.0,0.0,0.0,True,,
315,LANGFORD,-8775179.333,5247910.345,West,North Collins,0.0,2.0,1.0,1.0,['34.4/13.8/5.0'],['5'],3.0,988.0,1994-01-01,34.4,13.8,5.0,5.0,0.0,0.0,0.0,0.0,True,1.811184,1.0
316,LANSINGBURGH,-8201785.623,5276049.706,East,Troy,0.0,2.0,4.0,2.0,"['13.2/4.16/4.8', '34.5/13.8']","['2.5', '7.5']",6.0,2317.0,1994-01-01,13.2,4.16,4.8,2.5,0.0,0.0,0.0,0.0,True,,
317,LATHAM,-8212651.287,5274745.064,East,Colonie,0.0,2.0,2.0,1.0,['34.5/13.8'],['10/12.5'],4.0,389.0,1997-01-01,34.5,13.8,0.0,10.0,12.5,0.0,0.0,0.0,True,,
318,LAWRENCE AVE,-8345688.286,5571086.159,Central,Potsdam,2.0,0.0,6.0,1.0,['115/13.8'],"['12', '12/16/22.4']",8.0,5823.0,1971-10-01,115.0,13.8,0.0,12.0,0.0,0.0,0.0,0.0,True,,
319,LEHIGH,-8432462.226,5362472.517,Central,Camden,2.0,0.0,4.0,1.0,['115/13.8'],['12/16/20'],6.0,6454.0,1968-08-22,115.0,13.8,0.0,12.0,16.0,20.0,0.0,0.0,True,,
320,LENOX,,,Central,Oneida,0.0,0.0,4.0,1.0,['13.2/4.16'],['5/6.25'],4.0,1086.0,1962-01-01,13.2,4.16,0.0,5.0,6.25,0.0,0.0,0.0,True,,
321,LERAY,-8437675.326,5467209.23,Central,Rutland,0.0,1.0,1.0,1.0,['23/4.8'],['1.5'],2.0,699.0,1968-01-01,23.0,4.8,0.0,1.5,0.0,0.0,0.0,0.0,True,,
322,LEVANT,,,West,Poland,0.0,1.0,1.0,1.0,['34.5/4.8'],['1'],2.0,235.0,1968-01-01,34.5,4.8,0.0,1.0,0.0,0.0,0.0,0.0,True,,
323,LEVITT,-8401454.537,5346271.055,Central,Rome,1.0,0.0,6.0,1.0,['115/4.8'],['7.5/9.375'],7.0,3792.0,1963-10-31,115.0,4.8,0.0,7.5,9.375,0.0,0.0,0.0,True,,
324,LIBERTY,-8203694.646,5270265.673,East,Troy,0.0,5.0,13.0,1.0,"['34.5/13.8', '34.5/4.16']","['12.5', '5', '5/6.25']",18.0,4893.0,2007-12-01,34.5,13.8,0.0,12.5,0.0,0.0,0.0,0.0,True,5.5199928,8.0
325,LIGHTHOUSE HILL,-8457113.794,5391963.209,Central,Orwell,5.0,2.0,5.0,2.0,['115/34.5'],['7.5/9.375'],12.0,3352.0,1951-05-01,115.0,34.5,0.0,7.5,9.375,0.0,0.0,0.0,True,,
326,LIMA,-8639885.646,5297633.171,West,Lima,0.0,2.0,2.0,1.0,['34.5/4.8'],['2.5'],4.0,1798.0,1960-01-01,34.5,4.8,0.0,2.5,0.0,0.0,0.0,0.0,True,1.5872160000000002,1.0
327,LINDEN STATION,-8697589.82,5293976.663,West,Bethany,0.0,2.0,1.0,1.0,['34.5/4.8'],['1.5'],3.0,453.0,1997-01-01,34.5,4.8,0.0,1.5,0.0,0.0,0.0,0.0,True,0.622416,1.0
328,LISBON E.S.,-8384767.064,5578335.538,Central,Lisbon,0.0,1.0,1.0,1.0,['23/4.8'],['1.5/1.725'],2.0,619.0,1953-01-01,23.0,4.8,0.0,1.5,1.725,0.0,0.0,0.0,True,,
329,LITTLE RIVER SUBSTATION,,,Central,Canton,2.0,1.0,2.0,1.0,"['115/13.8', '115/23', '23/4.8']","['10/12/14', '15/20/25', '3.75/4.2/5.25']",5.0,2744.0,1994-02-01,115.0,23.0,0.0,10.0,12.0,14.0,0.0,0.0,True,,
330,LIVINGSTON COUNTY CORRECTIONAL,-8663661.249,5263892.904,NWest,Groveland,0.0,2.0,1.0,3.0,['34.5/13.8'],['0.5'],3.0,45.0,1990-01-01,34.5,13.8,0.0,0.5,0.0,0.0,0.0,0.0,True,0.396,1.0
331,LIVONIA,-8646262.881,5284715.425,West,Livonia,0.0,1.0,3.0,1.0,['34.5/4.8'],['3.75/4.24'],4.0,2049.0,1990-01-01,34.5,4.8,0.0,3.75,4.24,0.0,0.0,0.0,True,2.747184,3.0
332,LOON LAKE,-8244077.79,5550640.495,Central,Franklin,0.0,1.0,1.0,2.0,['46/4.8'],['0.333'],2.0,217.0,1992-01-01,46.0,4.8,0.0,0.333,0.0,0.0,0.0,0.0,True,,
333,LORDS HILL,-8484868.331,5298248.9,Central,Onondaga,0.0,1.0,2.0,1.0,['34.5/4.8'],['3.75/4.69'],3.0,1301.0,1978-01-01,34.5,4.8,0.0,3.75,4.69,0.0,0.0,0.0,True,2.5840319999999997,2.0
334,LORINGS,-8477012.877,5255404.857,Central,Cortlandville,0.0,1.0,1.0,1.0,['34.5/13.8'],['3.75/4.69/5.25'],2.0,507.0,1996-01-01,34.5,13.8,0.0,3.75,4.69,5.25,0.0,0.0,True,,
335,LOWVILLE,-8401987.698,5432333.98,Central,Lowville,1.0,1.0,4.0,1.0,"['115/13.8', '115/24']","['12/16/20', '15/20/25']",6.0,6429.0,1986-02-01,115.0,13.8,0.0,15.0,20.0,25.0,0.0,0.0,True,,
336,LYME E.S.,-8474297.542,5477386.297,Central,Lyme,1.0,0.0,3.0,1.0,['115/13.8'],['15/20/25'],4.0,7586.0,1991-01-01,115.0,13.8,0.0,15.0,20.0,25.0,0.0,0.0,True,,
337,LYNDONVILLE,-8725951.982,5361638.818,West,Yates,0.0,2.0,3.0,1.0,['34.5/4.8'],['3.750/4.68'],5.0,1822.0,2005-05-01,34.5,4.8,0.0,3.75,4.68,0.0,0.0,0.0,True,2.657616,3.0
338,LYNN,-8233847.162,5278654.915,East,Rotterdam,0.0,2.0,3.0,1.0,['34.4/13.8/7.9'],['7.5/9.375'],5.0,2122.0,2007-07-13,34.4,13.8,7.9,7.5,9.375,0.0,0.0,0.0,True,,
339,LYSANDER,-8496161.999,5338595.248,Central,Lysander,2.0,0.0,5.0,1.0,['115/13.8'],['12/16/20/22.4'],7.0,4425.0,1984-01-01,115.0,13.8,0.0,12.0,16.0,20.0,22.4,0.0,True,16.456044,5.0
340,MACHIAS,,,West,Machias,2.0,2.0,3.0,2.0,"['115/34.5', '34.5/4.8']","['20/26.7/33.3', '3.75']",7.0,1771.0,1991-12-01,115.0,34.5,0.0,20.0,26.7,33.3,0.0,0.0,True,0.9711839999999999,1.0
341,MADISON,-8398076.577,5348591.873,Central,Rome,2.0,0.0,4.0,3.0,['115/4.8'],['2.5/3.13'],6.0,1924.0,1958-08-31,115.0,4.8,0.0,2.5,3.13,0.0,0.0,0.0,True,,
342,MALONE,-8270186.233,5594659.272,Central,Malone,3.0,3.0,3.0,1.0,"['115/13.8', '115/34.5']","['10', '15/20/25', '7.5/9.375']",9.0,4408.0,2011-10-21,115.0,13.8,0.0,15.0,20.0,25.0,0.0,0.0,True,,
343,MALTA,-8215296.771,5306548.211,East,Malta,2.0,0.0,3.0,1.0,['115/13.8'],['15/20/25'],5.0,4888.0,1997-01-01,115.0,13.8,0.0,15.0,20.0,25.0,0.0,0.0,True,,
344,MAPLEHURST STA. NO.4,,,West,Hinsdale,0.0,2.0,2.0,1.0,['34.5/4.8'],['3.75/4.688'],4.0,1147.0,2007-06-26,34.5,4.8,0.0,3.75,4.688,0.0,0.0,0.0,True,,
345,MAPLEWOOD,-8205186.945,5273299.623,East,Colonie,3.0,6.0,4.0,1.0,"['115/13.8', '115/34.4/13.8']","['15/20/25', '30/40/50']",13.0,6407.0,2007-07-10,115.0,13.8,0.0,15.0,20.0,25.0,0.0,0.0,True,,
346,MARKET HILL,-8258239.149,5305262.252,East,Amsterdam,0.0,2.0,6.0,2.0,['69/4.16'],['5/6.25'],8.0,3598.0,1960-08-01,69.0,4.16,0.0,5.0,6.25,0.0,0.0,0.0,True,,
347,MAYFIELD,-8267378.331,5328397.877,East,Mayfield,0.0,3.0,1.0,1.0,['69/13.8'],['7.5/8.4/10.5'],4.0,2968.0,1968-04-11,69.0,13.8,0.0,7.5,8.4,10.5,0.0,0.0,True,,
348,MC ADOO,-8383221.331,5554117.733,Central,Canton,2.0,0.0,3.0,1.0,['115/13.8'],['12/13.4'],5.0,2675.0,1975-12-01,115.0,13.8,0.0,12.0,13.4,0.0,0.0,0.0,True,,
349,MC CLELLAN,-8228016.081,5282317.994,East,Schenectady,0.0,2.0,2.0,1.0,['34.5/13.8'],['10'],4.0,5361.0,1996-01-01,34.5,13.8,0.0,10.0,0.0,0.0,0.0,0.0,True,,
350,MC CREA ST.,-8192597.812,5353298.21,East,Ft Edward,0.0,1.0,1.0,1.0,['34.5/4.8'],['3/3.75'],2.0,1054.0,1950-01-01,34.5,4.8,0.0,3.0,3.75,0.0,0.0,0.0,True,,
351,MCGRAW,-8471699.47,5250217.361,Central,Cortland,0.0,1.0,1.0,3.0,['34.5/4.8'],['0.83'],2.0,1210.0,1959-01-01,34.5,4.8,0.0,0.83,0.0,0.0,0.0,0.0,True,1.392,1.0
352,MCKOWNVILLE,,,East,Guilderland,2.0,0.0,7.0,1.0,"['113/13.8', '115/13.8']","['12/16/22', '15']",9.0,4762.0,1969-12-09,113.0,13.8,0.0,12.0,16.0,22.0,0.0,0.0,True,,
353,MENANDS,-8207700.54,5264215.56,East,Colonie,5.0,7.0,11.0,1.0,"['115/13.8', '115/34.5/4.8', '115/34.5/8.6', '115/4.16', '13.2/4.16']","['12/16/20/22.4', '15/20/25', '20/26.7', '30/40/50', '6', '7.5/9.375']",23.0,8830.0,1974-05-05,115.0,13.8,0.0,12.0,16.0,20.0,22.4,0.0,True,,
354,MERRILLVILLE,,,Central,Franklin,0.0,1.0,1.0,1.0,['46/2.4'],['1.67'],2.0,73.0,1984-01-01,46.0,2.4,0.0,1.67,0.0,0.0,0.0,0.0,True,,
355,MEXICO,-8485511.081,5382176.018,Central,Mexico,0.0,1.0,2.0,1.0,['34.5/4.8'],['2.5/3.13'],3.0,1471.0,1963-01-01,34.5,4.8,0.0,2.5,3.13,0.0,0.0,0.0,True,,
356,MIDDLEBURG,-8274588.909,5251616.466,East,Middleburgh,1.0,0.0,2.0,1.0,['69/13.8'],['7.5/9.4/10.5'],3.0,4011.0,1977-01-01,69.0,13.8,0.0,7.5,9.4,10.5,0.0,0.0,True,,
357,MIDDLEPORT,-8735869.955,5343833.339,West,Royalton,0.0,2.0,3.0,1.0,['34.5/4.8'],['4.7/5.25'],5.0,1916.0,1973-01-01,34.5,4.8,0.0,4.7,5.25,0.0,0.0,0.0,True,2.928,3.0
358,"MIDDLEVILLE, IE. HANSON (MIDDL",,,Central,Fairfield,0.0,1.0,1.0,1.0,['46/4.16'],['3.75/4.69/5.25'],2.0,665.0,1956-01-01,46.0,4.16,0.0,3.75,4.69,5.25,0.0,0.0,True,,
359,MIDLER,-8471016.041,5324804.795,Central,Dewitt,0.0,1.0,4.0,1.0,['34.5/4.16'],['5/6.25'],5.0,74.0,1965-01-01,34.5,4.16,0.0,5.0,6.25,0.0,0.0,0.0,True,,
360,MILL ST.,-8449865.958,5461961.784,Central,Watertown,0.0,2.0,13.0,3.0,['23/4.8'],['5/6.25'],15.0,3198.0,1956-01-01,23.0,4.8,0.0,5.0,6.25,0.0,0.0,0.0,True,5.292816,5.0
361,MILLER ST.,-8480843.079,5253164.323,Central,Cortland,0.0,1.0,2.0,3.0,['34.5/4.8'],['2.5/3.1'],3.0,1771.0,1940-01-01,34.5,4.8,0.0,2.5,3.1,0.0,0.0,0.0,True,1.919664,2.0
362,MILTON,,,Central,Camillus,2.0,0.0,4.0,1.0,['113/13.8'],['12/16/20'],6.0,7439.0,1969-01-01,113.0,13.8,0.0,12.0,16.0,20.0,0.0,0.0,True,16.636356,5.0
363,MINOA,-8461549.384,5322678.874,Central,Manlius,0.0,2.0,2.0,1.0,"['115/34.5/13.2', '34.5/4.8']","['3.75/4.69', '6.67']",4.0,1388.0,1952-01-01,34.5,4.8,0.0,3.75,4.69,0.0,0.0,0.0,True,2.272032,2.0
364,MOIRA,-8297690.254,5593823.017,Central,Moira,0.0,1.0,2.0,1.0,['34.5/4.8'],['3/4'],3.0,2011.0,1950-01-01,34.5,4.8,0.0,3.0,4.0,0.0,0.0,0.0,True,,
365,MORRISTOWN,-8420272.659,5555174.871,Central,Morristown,0.0,1.0,2.0,1.0,['23/5.04'],['2.5'],3.0,1113.0,2010-11-23,23.0,5.04,0.0,2.5,0.0,0.0,0.0,0.0,True,,
366,MUMFORD,-8667076.816,5310205.352,West,Wheatland,2.0,0.0,3.0,1.0,['115/13.8'],['15/20/25'],5.0,6141.0,1986-03-19,115.0,13.8,0.0,15.0,20.0,25.0,0.0,0.0,True,10.1904,3.0
367,N LEROY STATION,-8682049.572,5310198.265,West,Leroy,2.0,0.0,3.0,1.0,['115/13.8'],['12/16/20/22.4'],5.0,4924.0,2012-05-15,115.0,13.8,0.0,12.0,16.0,20.0,22.4,0.0,True,8.417244,3.0
368,N. BANGOR,-8282495.555,5597926.654,Central,Bangor,0.0,1.0,1.0,1.0,['34.5/4.8'],['1.5'],2.0,570.0,1961-01-01,34.5,4.8,0.0,1.5,0.0,0.0,0.0,0.0,True,,
369,N. CHAUTAUQUA,,,West,Chautauqua,0.0,2.0,1.0,1.0,['34.5/4.8'],['1'],3.0,303.0,1960-01-01,34.5,4.8,0.0,1.0,0.0,0.0,0.0,0.0,True,,
370,N. EDEN,-8782153.609,5260879.04,West,Eden,0.0,1.0,1.0,1.0,['34.5/13.8'],['3.75'],2.0,1253.0,1976-01-01,34.5,13.8,0.0,3.75,0.0,0.0,0.0,0.0,True,1.584,1.0
371,N. LAWRENCE,-8312914.658,5589573.759,Central,Lawrence,0.0,1.0,1.0,1.0,['34.5/4.8'],['2.5'],2.0,675.0,2004-01-01,34.5,4.8,0.0,2.5,0.0,0.0,0.0,0.0,True,,
372,N. OLEAN,,,West,Olean,0.0,2.0,2.0,3.0,['34.5/4.8'],['1.25'],4.0,1212.0,1959-01-01,34.5,4.8,0.0,1.25,0.0,0.0,0.0,0.0,True,,
373,NASSAU,-8194431.635,5238457.384,East,Nassau,0.0,2.0,3.0,1.0,['34.5/4.8'],['5/7'],5.0,2286.0,1993-01-01,34.5,4.8,0.0,5.0,7.0,0.0,0.0,0.0,True,,
374,NEW FRANKHAUSER  STATION,,,,,,,,,[],[],,,,,,,,,,,,,16.218443999999998,7.0
375,NEW HAVEN,-8495339.781,5384517.312,Central,New Haven,2.0,0.0,2.0,1.0,['115/13.8'],['7.5/9.375'],4.0,3811.0,1997-01-01,115.0,13.8,0.0,7.5,9.375,0.0,0.0,0.0,True,,
376,NEW KRUMKILL,-8218230.937,5260536.468,East,Albany,2.0,0.0,4.0,1.0,"['113/13.8', '13.2/4.16']","['18/24/30', '7.5/9.4/10.5']",6.0,7932.0,1977-01-01,113.0,13.8,0.0,18.0,24.0,30.0,0.0,0.0,True,,
377,NEW WHITESVILLE,,,West,Independence,0.0,1.0,1.0,1.0,['34.5/4.8'],['1.5'],2.0,689.0,1993-01-01,34.5,4.8,0.0,1.5,0.0,0.0,0.0,0.0,True,,
378,NEWARK ST,-8204701.607,5276667.436,East,Cohoes,0.0,2.0,4.0,2.0,['34.5/13.8'],['10'],6.0,8301.0,1995-01-01,34.5,13.8,0.0,10.0,0.0,0.0,0.0,0.0,True,,
379,NEWTON FALLS,-8348223.437,5498388.273,Central,Clifton,0.0,1.0,1.0,1.0,['34.5/2.4'],['2.5'],2.0,136.0,2003-05-01,34.5,2.4,0.0,2.5,0.0,0.0,0.0,0.0,True,,
380,NEWTONVILLE,-8211234.441,5271637.723,East,Colonie,0.0,2.0,6.0,1.0,"['34.5/13.8', '34.5/4.16']","['5/5.6', '5/6.25']",8.0,1554.0,1957-05-25,34.5,13.8,0.0,5.0,6.25,0.0,0.0,0.0,True,,
381,NICHOLVILLE,-8309350.973,5573759.055,Central,Lawrence,1.0,2.0,2.0,1.0,"['115/34.5', '34.5/4.8']","['1.25', '10/12.5']",5.0,2335.0,1954-03-01,115.0,34.5,0.0,10.0,12.5,0.0,0.0,0.0,True,,
382,NILES,-8509216.598,5289949.338,Central,Skaneateles,0.0,1.0,1.0,1.0,['34.4/13.8'],"['16.8/22.4/28', '3.75/4.69/5.25']",2.0,1386.0,1974-01-01,34.4,13.8,0.0,3.75,4.69,5.25,0.0,0.0,True,1.7776439999999998,1.0
383,NORTH ASHFORD,-8760984.797,5232030.771,West,Ashford,0.0,2.0,1.0,1.0,['34.5/4.8'],['1.5'],3.0,227.0,1991-01-01,34.5,4.8,0.0,1.5,0.0,0.0,0.0,0.0,True,0.300816,1.0
384,NORTH BOMBAY,,,Central,Bombay,0.0,1.0,2.0,1.0,['34.5/13.8'],['2.5'],3.0,170.0,1975-01-01,34.5,13.8,0.0,2.5,0.0,0.0,0.0,0.0,True,,
385,NORTH CARTHAGE,-8414132.296,5463658.898,Central,Wilna,3.0,2.0,3.0,1.0,"['115/13.8', '115/23']","['12/22.4', '15/20/25']",8.0,6590.0,1992-01-01,115.0,13.8,0.0,12.0,22.4,0.0,0.0,0.0,True,,
386,NORTH COLLINS,-8788200.46,5250552.156,West,Brant,0.0,2.0,2.0,1.0,['34.5/4.8'],['2.5'],4.0,1516.0,1964-01-01,34.5,4.8,0.0,2.5,0.0,0.0,0.0,0.0,True,1.547184,2.0
387,NORTH CREEK,-8234501.171,5416343.71,East,Johnsburg,1.0,2.0,2.0,1.0,"['115/13.8/30', '115/34.5']","['10/12.5', '30/40/50']",5.0,3373.0,1987-03-01,115.0,13.8,30.0,10.0,12.5,0.0,0.0,0.0,True,,
388,NORTH GOVERNEUR,-8402092.168,5518930.074,Central,Gouverneur,2.0,0.0,3.0,1.0,['115/13.8/7.9'],['12/16/20'],5.0,5283.0,1971-09-10,115.0,13.8,7.9,12.0,16.0,20.0,0.0,0.0,True,,
389,NORTH TROY,-8197258.281,5279617.765,East,Brunswick,6.0,5.0,4.0,1.0,"['115/13.8', '115/34.5', '115/34.5/13.8']","['15/20/25', '30/40', '30/40/50']",15.0,6150.0,2007-02-01,115.0,13.8,0.0,15.0,20.0,25.0,0.0,0.0,True,,
390,NORTHVILLE,-8258562.466,5346797.989,East,Northampton,0.0,2.0,2.0,1.0,"['69/13.8', '69/23']",['10/12.5'],4.0,4196.0,1992-01-01,69.0,13.8,0.0,10.0,12.5,0.0,0.0,0.0,True,,
391,NORWOOD,-8349371.793,5581357.671,Central,Potsdam,0.0,1.0,2.0,3.0,['23/4.8'],['1.25'],3.0,1571.0,1961-01-01,23.0,4.8,0.0,1.25,0.0,0.0,0.0,0.0,True,,
392,OAK HILL,,,West,Ellicott,2.0,0.0,1.0,1.0,['34.5/4.8'],['2.5'],3.0,224.0,1996-01-01,34.5,4.8,0.0,2.5,0.0,0.0,0.0,0.0,True,,
393,OAKFIELD STATION,-8713907.629,5321538.084,West,Oakfield,1.0,4.0,3.0,1.0,"['115/34.5', '34.5/4.8']","['28/37.3/46.7', '3.75']",8.0,1585.0,1975-01-01,115.0,34.5,0.0,28.0,37.3,46.7,0.0,0.0,True,3.2352,3.0
394,OATHOUT,-8212800.41,5272223.951,East,Colonie,0.0,1.0,2.0,1.0,['34.4/13.8/7.9'],['10.0/12.5'],3.0,1909.0,1998-01-01,34.4,13.8,7.9,10.0,12.5,0.0,0.0,0.0,True,,
395,OGDENBROOK,-8202183.28,5358980.429,East,Queensbury,2.0,0.0,4.0,1.0,['115/13.8/7.9'],['13.4/17.9/22.4'],6.0,6027.0,1975-02-18,115.0,13.8,7.9,13.4,17.9,22.4,0.0,0.0,True,,
396,OGDENSBURG,-8404002.225,5573223.87,Central,Ogdensburg,2.0,0.0,4.0,1.0,"['23/0.48', '23/5']","['0.5', '1.5']",6.0,5907.0,1988-12-01,23.0,5.0,0.0,1.5,0.0,0.0,0.0,0.0,True,,
397,OLD FORGE,-8346735.766,5419676.592,Central,Webb,0.0,2.0,4.0,3.0,['46/4.8'],"['1.25', '2']",6.0,2719.0,1992-01-01,46.0,4.8,0.0,1.25,0.0,0.0,0.0,0.0,True,,
398,ONEIDA,-8419245.898,5327521.349,Central,Verona,7.0,0.0,7.0,1.0,['115/13.8'],"['12/16/22.4', '15/20/25']",14.0,10374.0,1968-08-04,115.0,13.8,0.0,12.0,16.0,22.4,0.0,0.0,True,,
399,ORANGEVILLE STATION,-8711140.552,5277349.515,West,Orangeville,0.0,1.0,1.0,1.0,['34.5/4.8/34.5'],['2.5'],2.0,711.0,1997-01-01,34.5,4.8,34.5,2.5,0.0,0.0,0.0,0.0,False,1.198416,1.0
400,OTTEN,-8174468.686,5411734.255,East,Dresden,1.0,0.0,1.0,1.0,['115/4.8'],['3.75/4.68'],2.0,610.0,1954-06-15,115.0,4.8,0.0,3.75,4.68,0.0,0.0,0.0,True,,
401,Ohio Childs (MITS),-8779420.462,5290771.237,,,,,,,[],[],,,,,,,,,,,,,2.081244,2.0
402,PALOMA,-8516692.705,5379334.824,Central,Oswego,2.0,0.0,4.0,1.0,['115/13.8'],['12/16/20'],6.0,10154.0,1968-01-01,115.0,13.8,0.0,12.0,16.0,20.0,0.0,0.0,True,,
403,PANAMA,,,West,Harmony,0.0,2.0,1.0,1.0,['34.5/4.8'],['1.5'],3.0,642.0,2002-06-19,34.5,4.8,0.0,1.5,0.0,0.0,0.0,0.0,True,,
404,PARISH,-8475519.302,5373544.171,Central,Parish,0.0,1.0,1.0,1.0,['34.5/4.8'],['3'],2.0,529.0,1950-01-01,34.5,4.8,0.0,3.0,0.0,0.0,0.0,0.0,True,,
405,PARISHVILLE,-8329508.186,5563507.261,Central,Parishville,1.0,0.0,1.0,2.0,['4.8/2.4'],['0.5'],2.0,653.0,1949-01-01,4.8,2.4,0.0,0.5,0.0,0.0,0.0,0.0,True,,
406,PARK STREET,-8476207.882,5321610.987,Central,Syracuse,0.0,1.0,4.0,1.0,['34.5/4.16'],['5/6.25'],5.0,3663.0,1956-01-01,34.5,4.16,0.0,5.0,6.25,0.0,0.0,0.0,True,3.7856,4.0
407,PARTRIDGE ST.,-8212904.431,5261602.575,East,Albany,0.0,5.0,10.0,1.0,['34.5/13.8'],['3.75/4.69'],15.0,7155.0,2003-02-24,34.5,13.8,0.0,3.75,4.69,0.0,0.0,0.0,True,,
408,PATROON,-8216367.938,5264747.778,East,Albany,2.0,5.0,4.0,1.0,"['115/13.8', '115/34.5/13.8']","['15/20/25', '30/40/50']",11.0,3864.0,2004-12-22,115.0,34.5,13.8,30.0,40.0,50.0,0.0,0.0,True,,
409,PAUL SMITHS,-8264492.981,5532224.44,Central,Brighton,0.0,1.0,3.0,1.0,['46/4.8'],['2.5'],4.0,343.0,2004-03-01,46.0,4.8,0.0,2.5,0.0,0.0,0.0,0.0,True,,
410,PEAT STREET,-8473403.671,5319845.953,Central,Syracuse,2.0,0.0,4.0,1.0,['115/13.8'],['12/16/20/22.4'],6.0,8314.0,1971-01-01,115.0,13.8,0.0,12.0,16.0,20.0,22.4,0.0,True,12.7776,4.0
411,PEBBLE HILL,-8467760.208,5315551.566,Central,Dewitt,1.0,3.0,4.0,1.0,"['115/13.8/7.9', '115/34.5']","['20/26.6/33.3', '20/26.7/33.3']",8.0,5760.0,1993-05-01,115.0,13.8,7.9,20.0,26.7,33.3,0.0,0.0,True,13.419912,4.0
412,PERRY ST,-8777288.226,5292306.748,,,,,,,[],[],,,,,,,,,,,,,2.6527072,5.0
413,PERRYSBURG,-8799419.017,5238780.615,West,Perrysburg,0.0,1.0,1.0,1.0,['34.4/5.04/13.'],['5'],2.0,887.0,1993-01-01,34.4,5.04,13.0,5.0,0.0,0.0,0.0,0.0,True,1.5048,1.0
414,PERRYVILLE,-8441095.53,5313733.422,Central,Sullivan,0.0,1.0,1.0,1.0,['34.5/4.16'],['3'],2.0,230.0,1994-01-01,34.5,4.16,0.0,3.0,0.0,0.0,0.0,0.0,True,0.40239680000000005,1.0
415,PETERBORO,-8432488.522,5326450.595,Central,Lennox,1.0,0.0,8.0,2.0,['115/13.8'],['15/20/25'],9.0,8034.0,1991-09-05,115.0,13.8,0.0,15.0,20.0,25.0,0.0,0.0,True,,
416,PETROLIA,,,West,Scio,0.0,1.0,1.0,3.0,['34.5/4.8'],['1'],2.0,738.0,1971-01-01,34.5,4.8,0.0,1.0,0.0,0.0,0.0,0.0,True,,
417,PHOENIX,-8493787.052,5347090.383,Central,Schroeppel,0.0,1.0,3.0,1.0,['34.5/4.8'],['5/6.25/7'],4.0,2231.0,1969-01-01,34.5,4.8,0.0,5.0,6.25,7.0,0.0,0.0,True,3.1071839999999997,2.0
418,PIERCEFIELD,-8300608.398,5501525.915,Central,Piercefield,0.0,1.0,1.0,3.0,['46/4.8'],['0.33'],2.0,412.0,1973-01-01,46.0,4.8,0.0,0.33,0.0,0.0,0.0,0.0,True,,
419,PINE GROVE,-8471042.859,5334890.121,Central,Cicero,2.0,0.0,7.0,1.0,['115/13.8'],"['18/24/30', '20/26.7/33.3']",9.0,12143.0,1991-01-01,115.0,13.8,0.0,18.0,24.0,30.0,0.0,0.0,True,27.156755999999998,7.0
420,PINEBUSH,-8224928.623,5266630.056,East,Guilderland,2.0,0.0,6.0,1.0,['115/13.8'],"['12', '15']",8.0,6760.0,1989-01-01,115.0,13.8,0.0,12.0,0.0,0.0,0.0,0.0,True,,
421,PLEASANT,-8376882.263,5325272.032,Central,Utica,0.0,2.0,6.0,2.0,['43.8/4.36'],['5/6.25'],8.0,5237.0,1961-01-01,43.8,4.36,0.0,5.0,6.25,0.0,0.0,0.0,True,,
422,POLAND,,,West,Poland,0.0,1.0,2.0,1.0,['34.5/4.8'],['2.5'],3.0,2557.0,1972-01-01,34.5,4.8,0.0,2.5,0.0,0.0,0.0,0.0,True,,
423,POLAND SUBSTATION,,,Central,Russia,0.0,1.0,2.0,1.0,['46/13.8'],['10'],3.0,1722.0,1996-01-01,46.0,13.8,0.0,10.0,0.0,0.0,0.0,0.0,True,,
424,POMPEY,-8463637.847,5300181.793,Central,Pompey,0.0,1.0,2.0,3.0,['34.5/4.16'],['0.83'],3.0,776.0,1966-01-01,34.5,4.16,0.0,0.83,0.0,0.0,0.0,0.0,True,1.3034528,2.0
425,PORT HENRY,-8179672.19,5474007.452,East,Moriah,1.0,0.0,2.0,1.0,['113/13.8'],['7.5/8.4'],3.0,3858.0,1966-11-06,113.0,13.8,0.0,7.5,8.4,0.0,0.0,0.0,True,,
426,PORT LEYDEN,-8388018.195,5400411.734,Central,Leyden,0.0,1.0,1.0,3.0,['23/4.8'],['0.83'],2.0,960.0,1959-01-01,23.0,4.8,0.0,0.83,0.0,0.0,0.0,0.0,True,,
427,PORTAGE ST.,-8452010.989,5461171.432,Central,Watertown,0.0,1.0,3.0,1.0,['23/4.8'],['0.5'],4.0,2001.0,2001-04-26,23.0,4.8,0.0,0.5,0.0,0.0,0.0,0.0,True,,
428,POTTERSVILLE,-8217816.365,5423437.447,East,Chester,0.0,1.0,1.0,1.0,['34.4/7.5/8.4'],['7.5'],2.0,1221.0,2012-06-01,34.4,7.5,8.4,7.5,0.0,0.0,0.0,0.0,True,,
429,PRICE CORNERS (DIST.) SUB,,,West,Randolph,0.0,3.0,1.0,3.0,['34.5/13.8'],['0.5'],4.0,63.0,2005-06-11,34.5,13.8,0.0,0.5,0.0,0.0,0.0,0.0,True,,
430,PROSPECT HILL,-8202002.536,5282112.203,East,Waterford,1.0,0.0,2.0,1.0,['115/13.8'],['12//16/20/24'],3.0,4405.0,1974-01-01,115.0,13.8,0.0,12.0,,16.0,20.0,24.0,True,,
431,QUAIL HOLLOW,-8211605.734,5250646.877,East,Bethlehem,0.0,1.0,1.0,1.0,['34.5/4.8'],['2.5'],2.0,216.0,1991-01-01,34.5,4.8,0.0,2.5,0.0,0.0,0.0,0.0,True,,
432,QUEENSBURY,-8200297.605,5363074.715,East,Queensbury,3.0,4.0,8.0,1.0,"['115/13.8', '115/34.5/4.8']","['12/16/20', '30']",15.0,7468.0,1969-05-01,115.0,13.8,0.0,12.0,16.0,20.0,0.0,0.0,True,,
433,RANDALL RD,-8228744.437,5308410.84,East,Ballston,0.0,1.0,2.0,1.0,"['13.2/4.8', '34.5/13.2']","['2.5', '5']",3.0,1016.0,2009-10-01,34.5,13.2,0.0,5.0,0.0,0.0,0.0,0.0,True,,
434,RAQUETTE LAKE,-8310533.675,5435904.533,Central,Long Lake,0.0,1.0,1.0,3.0,['46/4.8'],['0.33'],2.0,540.0,1959-01-01,46.0,4.8,0.0,0.33,0.0,0.0,0.0,0.0,True,,
435,RAYBROOK ES,-8246852.749,5512209.064,Central,North Elba,1.0,0.0,2.0,1.0,['115/13.8'],['15/20/25'],3.0,1817.0,1992-01-01,115.0,13.8,0.0,15.0,20.0,25.0,0.0,0.0,True,,
436,RENSSELAER,-8209131.442,5256665.557,East,Rensselaer,0.0,4.0,2.0,1.0,['34.5/13.8'],['12.5'],6.0,3730.0,1988-01-01,34.5,13.8,0.0,12.5,0.0,0.0,0.0,0.0,True,,
437,REYNOLDS RD,-8202848.771,5262285.536,East,North Greenbush,7.0,0.0,8.0,1.0,"['115/13.8', '345/115/13.2']","['15/20/25', '400/448']",15.0,5294.0,1988-08-19,115.0,13.8,0.0,15.0,20.0,25.0,0.0,0.0,True,1.9360439999999997,1.0
438,RICHMOND,-8630957.755,5280060.708,West,Richmond,0.0,1.0,3.0,1.0,['34.5/13.8'],['7.5/9.38/10.5'],4.0,3371.0,1992-01-01,34.5,13.8,0.0,7.5,9.38,10.5,0.0,0.0,True,3.9556439999999995,3.0
439,RIDGE ROAD,-8445778.933,5310854.658,Central,Cazenovia,0.0,1.0,1.0,3.0,['34.5/4.8'],['1'],2.0,893.0,1947-05-27,34.5,4.8,0.0,1.0,0.0,0.0,0.0,0.0,True,1.248,1.0
440,RIFLE RANGE,-8221895.774,5269804.082,East,Colonie,0.0,1.0,2.0,1.0,['34.5/13.2'],['2.5'],3.0,391.0,2006-02-01,34.5,13.2,0.0,2.5,0.0,0.0,0.0,0.0,True,,
441,RIPARIUS,-8226679.292,5413574.159,East,Johnsburg,0.0,1.0,1.0,1.0,['34.5/4.8'],['3.75/4.68'],2.0,519.0,1959-10-16,34.5,4.8,0.0,3.75,4.68,0.0,0.0,0.0,True,,
442,RIPLEY,,,West,Ripley,0.0,2.0,2.0,1.0,['34.5/4.8'],['3.75'],4.0,1270.0,2003-01-01,34.5,4.8,0.0,3.75,0.0,0.0,0.0,0.0,True,,
443,RIVER RD,-8200670.799,5293361.984,East,Schaghticoke,0.0,1.0,1.0,1.0,['34.5/4.8'],['2.5'],2.0,3.0,1949-01-01,34.5,4.8,0.0,2.5,0.0,0.0,0.0,0.0,True,,
444,RIVERSIDE,-8208688.694,5260620.514,East,Albany,4.0,9.0,10.0,1.0,"['115/13.8', '115/34.5/13.8']","['24/32/40', '40/53.3/66.6', '40/53/66/74.6']",23.0,3937.0,2001-07-01,115.0,34.5,13.8,40.0,53.3,66.6,0.0,0.0,True,15.312131999999998,7.0
445,RIVERVIEW,-8224345.74,5556923.496,Central,Black Brook,0.0,1.0,1.0,1.0,['46/4.8'],['0.5'],2.0,269.0,1949-01-01,46.0,4.8,0.0,0.5,0.0,0.0,0.0,0.0,True,,
446,ROCK CITY,-8334162.607,5316788.452,Central,Little Falls,0.0,1.0,4.0,1.0,['46/4.16'],['5.6/7'],5.0,1736.0,1966-01-01,46.0,4.16,0.0,5.6,7.0,0.0,0.0,0.0,True,,
447,ROCK CITY FALLS,-8228132.295,5321282.029,East,Milton,0.0,1.0,1.0,1.0,['34.5/4.8/4.16'],['3.75'],2.0,592.0,1993-01-01,34.5,4.8,4.16,3.75,0.0,0.0,0.0,0.0,True,,
448,ROCK CUT,-8475267.409,5313653.415,Central,Syracuse,2.0,0.0,4.0,1.0,['115/13.8'],['20/26/33'],6.0,7550.0,1973-01-01,115.0,13.8,0.0,20.0,26.0,33.0,0.0,0.0,True,18.977244,6.0
449,ROME,-8399399.358,5343221.332,Central,Rome,4.0,0.0,8.0,2.0,['115/13.8'],['18/24/30'],12.0,11048.0,2004-07-08,115.0,13.8,0.0,18.0,24.0,30.0,0.0,0.0,True,,
450,ROSA ROAD,,,East,Niskayuna,2.0,4.0,3.0,1.0,"['115/13.8', '115/34.5/4.8']","['15/20/25', '30/40/50']",9.0,7749.0,1960-07-12,115.0,13.8,0.0,15.0,20.0,25.0,0.0,0.0,True,,
451,ROTTERDAM,-8237362.423,5285953.634,East,Rotterdam,16.0,7.0,4.0,1.0,"['115/13.8', '115/34.5', '115/34.5/13.8', '115/69/13.8', '230/115/13.8']","['15/20/25', '20/26.7/33.3', '267/298', '33.6/44.8/56', '349', '6.7/8.9']",27.0,6057.0,1947-09-18,115.0,34.5,0.0,20.0,26.7,33.3,0.0,0.0,True,,
452,ROYALTON,-8742869.858,5334184.024,West,Royalton,0.0,1.0,2.0,2.0,['34.5/4.8'],['1.5'],3.0,1272.0,1972-01-01,34.5,4.8,0.0,1.5,0.0,0.0,0.0,0.0,True,2.0976,2.0
453,RUSSELL RD,-8214176.618,5264003.033,East,Albany,0.0,1.0,1.0,1.0,['34.5/13.2'],['5'],2.0,157.0,1994-01-01,34.5,13.2,0.0,5.0,0.0,0.0,0.0,0.0,True,,
454,RUTH ROAD,-8223621.899,5273602.856,East,Colonie,2.0,0.0,5.0,1.0,['115/13.8'],['20.2/26.9/33.6'],7.0,6051.0,1971-01-01,115.0,13.8,0.0,20.2,26.9,33.6,0.0,0.0,True,,
455,S. PHILADELPHIA,-8428928.027,5487675.186,Central,Philadelphia,0.0,3.0,1.0,2.0,['23/4.8'],['0.5'],4.0,607.0,1955-01-01,23.0,4.8,0.0,0.5,0.0,0.0,0.0,0.0,True,,
456,SALISBURY ES,-8331729.518,5322000.294,Central,Manheim,2.0,0.0,4.0,1.0,['115/13.8'],"['5/5.6', '7.5/9.375']",6.0,5212.0,1979-05-09,115.0,13.8,0.0,5.0,5.6,0.0,0.0,0.0,True,,
457,SAND CREEK ROAD,-8218153.017,5271148.209,East,Colonie,2.0,0.0,3.0,1.0,['115/13.8'],['15'],5.0,2311.0,1992-01-01,115.0,13.8,0.0,15.0,0.0,0.0,0.0,0.0,True,,
458,SAND ROAD,-8476048.201,5328604.214,,,,,,,[],[],,,,,,,,,,,,,1.1204128000000002,2.0
459,SAND ROAD #2,-8476035.777,5328625.687,,,,,,,[],[],,,,,,,,,,,,,1.0692000000000002,1.0
460,SAND ROAD & SAND ROAD#2,,,Central,Salina,0.0,2.0,4.0,1.0,['34.5/4.16'],['3.75/4.69'],6.0,603.0,1953-01-01,34.5,4.16,0.0,3.75,4.69,0.0,0.0,0.0,True,,
461,SANDY CREEK 66,-8470210.119,5410466.204,Central,Sandy Creek,0.0,1.0,2.0,1.0,['34.5/13.8'],['5/6.25'],3.0,3891.0,1969-01-01,34.5,13.8,0.0,5.0,6.25,0.0,0.0,0.0,True,,
462,SARATOGA,-8212555.186,5325667.691,East,Saratoga Springs,0.0,2.0,4.0,1.0,"['230/23', '34.5/13.8', '34.5/4.16']","['5/6.3', '60/80/100', '7.5/9.375/10.5']",6.0,3037.0,1937-07-14,34.5,13.8,0.0,7.5,9.375,10.5,0.0,0.0,True,,
463,SCHENEVUS,-8328822.734,5242971.497,East,Maryland,0.0,1.0,1.0,3.0,['23/4.8'],['0.667'],2.0,1156.0,1947-01-01,23.0,4.8,0.0,0.667,0.0,0.0,0.0,0.0,True,,
464,SCHODACK,-8205844.584,5243547.038,East,Schodack,2.0,0.0,3.0,1.0,['115/13.8'],['12/16/20/22.4'],5.0,3508.0,2008-01-01,115.0,13.8,0.0,12.0,16.0,20.0,22.4,0.0,True,,
465,SCHOHARIE,-8271497.778,5262368.009,East,Schoharie,2.0,0.0,2.0,1.0,['69/13.8'],['7.5/9.375/10.5'],4.0,2766.0,1971-01-02,69.0,13.8,0.0,7.5,9.375,10.5,0.0,0.0,True,,
466,SCHROON LAKE,-8211565.34,5440389.695,East,Schroon,0.0,1.0,1.0,1.0,['34.4/13.8'],['5/5.6/6.25/7'],2.0,2600.0,1977-11-01,34.4,13.8,0.0,5.0,5.6,6.25,7.0,0.0,True,,
467,SCHUYLER,-8368034.166,5325543.227,Central,Frankfort,2.0,5.0,4.0,1.0,"['115/13.8', '115/46']","['20/26.7/33.3', '21/28/35']",11.0,8482.0,1982-06-03,115.0,13.8,0.0,20.0,26.7,33.3,0.0,0.0,True,,
468,SCHUYLERVILLE,-8191109.582,5326752.909,East,Saratoga,0.0,2.0,2.0,1.0,['34.5/4.8'],['5/6.3'],4.0,1773.0,1992-01-01,34.5,4.8,0.0,5.0,6.3,0.0,0.0,0.0,True,,
469,SCOFIELD,-8219654.564,5365933.367,East,Lake Luzerne,2.0,0.0,2.0,1.0,['115/13.8'],['7.5/9.375'],4.0,3729.0,1991-01-01,115.0,13.8,0.0,7.5,9.375,0.0,0.0,0.0,True,,
470,SCOTIA,-8232603.57,5286741.404,East,Glenville,0.0,2.0,6.0,1.0,['34.5/4.16'],"['5/5.6', '5/6.25']",8.0,3368.0,1964-01-01,34.5,4.16,0.0,5.0,5.6,0.0,0.0,0.0,True,,
471,SELKIRK SUB,,,East,Bethlehem,0.0,1.0,2.0,1.0,['34.4/13.8'],['7.5/9.375'],3.0,4278.0,1969-10-01,34.4,13.8,0.0,7.5,9.375,0.0,0.0,0.0,True,,
472,SEMINOLE,-8216445.203,5262084.934,East,Albany,0.0,1.0,3.0,1.0,['34.5/4.16'],['5/6.3'],4.0,3017.0,1965-01-01,34.5,4.16,0.0,5.0,6.3,0.0,0.0,0.0,True,,
473,SENTINEL HEIGHTS,-8473141.833,5304649.692,Central,Onondaga,0.0,1.0,1.0,2.0,['34.5/4.16'],['0.33'],2.0,272.0,1960-01-01,34.5,4.16,0.0,0.33,0.0,0.0,0.0,0.0,True,0.17887999999999998,1.0
474,SEVENTH AVE,-8202169.75,5273416.713,East,Troy,0.0,2.0,4.0,1.0,['34.5/4.16'],['5/6.25'],6.0,3026.0,2003-03-31,34.5,4.16,0.0,5.0,6.25,0.0,0.0,0.0,True,0.0832,1.0
475,SEVENTH NORTH,,,Central,Clay,0.0,1.0,3.0,1.0,['34.5/4.8'],['5.6/7'],4.0,23.0,1961-01-01,34.5,4.8,0.0,5.6,7.0,0.0,0.0,0.0,True,0.27201600000000004,1.0
476,SEWALL'S ISLAND,-8448582.565,5461991.091,Central,Watertown,0.0,2.0,0.0,1.0,['23/4.8'],['7.5'],2.0,3334.0,2000-01-01,23.0,4.8,0.0,7.5,0.0,0.0,0.0,0.0,True,,
477,SHARON,-8298657.372,5276666.894,East,Sharon,0.0,2.0,2.0,1.0,['69/13.8'],['8.4/10.5'],4.0,2859.0,1988-01-01,69.0,13.8,0.0,8.4,10.5,0.0,0.0,0.0,True,,
478,SHELBY,-8723972.342,5344776.933,West,Shelby,2.0,0.0,6.0,1.0,['115/13.8'],['15/20/25'],8.0,4916.0,1990-06-20,115.0,13.8,0.0,15.0,20.0,25.0,0.0,0.0,True,13.424268,5.0
479,SHEPPARD STATION,-8689524.85,5293967.825,West,Pavilion,0.0,3.0,2.0,1.0,['34.5/13.8'],"['3.75/5.25', '5.25']",5.0,1399.0,1973-07-01,34.5,13.8,0.0,3.75,5.25,0.0,0.0,0.0,True,3.4540439999999997,2.0
480,SHERMAN,,,Central,Trenton,0.0,1.0,2.0,1.0,['46/13.8'],['10/12.5'],3.0,3863.0,1994-01-01,46.0,13.8,0.0,10.0,12.5,0.0,0.0,0.0,True,,
481,SHORE RD,-8223833.383,5298382.841,East,Ballston,0.0,2.0,3.0,1.0,['34.4/4.8'],['5/6.25'],5.0,1963.0,1957-01-01,34.4,4.8,0.0,5.0,6.25,0.0,0.0,0.0,True,,
482,SILVER LAKE,,,Central,Black Brook,0.0,1.0,1.0,1.0,['46/2.4'],['0.333'],2.0,180.0,1991-01-01,46.0,2.4,0.0,0.333,0.0,0.0,0.0,0.0,True,,
483,SINCLAIRVILLE,,,West,Gerry,0.0,1.0,1.0,1.0,['34.5/4.8'],['2.5'],2.0,1365.0,1963-01-01,34.5,4.8,0.0,2.5,0.0,0.0,0.0,0.0,True,,
484,SMITH BRIDGE,-8212200.655,5329443.518,East,Wilton,2.0,0.0,3.0,1.0,['115/13.8'],['15/20/25'],5.0,5367.0,1993-01-01,115.0,13.8,0.0,15.0,20.0,25.0,0.0,0.0,True,,
485,SO. ROBERTS RD,-8829458.541,5233895.389,West,Dunkirk,2.0,0.0,4.0,1.0,['115/13.8'],['12/16/20'],6.0,2201.0,1972-05-02,115.0,13.8,0.0,12.0,16.0,20.0,0.0,0.0,True,6.7056000000000004,4.0
486,SO. WASHINGTON ST.,-8346888.311,5314840.654,Central,Herkimer,0.0,1.0,1.0,1.0,['46/13.8'],['0.5'],2.0,1062.0,1994-06-09,46.0,13.8,0.0,0.5,0.0,0.0,0.0,0.0,True,,
487,SONORA WAY,-8651347.709,5287497.051,,,,,,,[],[],,,,,,,,,,,,,2.195556,2.0
488,SORRELL HILL,-8499701.341,5335488.335,Central,Van Buren,1.0,0.0,4.0,1.0,['115/13.8'],['15/20/25'],5.0,9121.0,1991-05-01,115.0,13.8,0.0,15.0,20.0,25.0,0.0,0.0,True,15.558312,4.0
489,SOUTH RANDOLPH,,,West,Randolph,0.0,1.0,1.0,1.0,['34.5/4.8'],['1.5'],2.0,331.0,2005-06-24,34.5,4.8,0.0,1.5,0.0,0.0,0.0,0.0,True,,
490,SOUTH ST,-8214614.314,5323156.573,East,Saratoga Springs,0.0,2.0,3.0,1.0,['34.4/13.8'],['10/12.5'],5.0,2503.0,2002-01-01,34.4,13.8,0.0,10.0,12.5,0.0,0.0,0.0,True,,
491,SOUTH WELLSVILLE,,,West,Wellsville,0.0,3.0,3.0,1.0,['34.5/4.8'],['3.75'],6.0,1968.0,1974-01-01,34.5,4.8,0.0,3.75,0.0,0.0,0.0,0.0,True,,
492,SOUTHLAND,,,West,Somerset,0.0,1.0,1.0,1.0,['34.5/4.8'],['3.75'],2.0,622.0,1972-01-01,34.5,4.8,0.0,3.75,0.0,0.0,0.0,0.0,True,1.392,1.0
493,SOUTHWOOD,-8469616.694,5310731.511,Central,Dewitt,1.0,0.0,4.0,1.0,['110/13.8'],['12/16/20'],5.0,6260.0,1966-01-01,110.0,13.8,0.0,12.0,16.0,20.0,0.0,0.0,True,13.934844,4.0
494,SPRINGFIELD,,,Central,Dewitt,0.0,2.0,5.0,1.0,['34.5/4.16'],"['5/6.25', '5/6.25/7']",7.0,3172.0,2007-09-01,34.5,4.16,0.0,5.0,6.25,0.0,0.0,0.0,True,2.9203200000000002,3.0
495,ST JOHNSVILLE,-8314061.675,5311473.804,East,Saint Johnsville,2.0,0.0,2.0,1.0,['115/13.8/4.8'],"['5/5.6', '7.5/9.375']",4.0,2393.0,2008-07-14,115.0,13.8,4.8,5.0,5.6,0.0,0.0,0.0,True,,
496,ST. REGIS,-8311547.851,5617008.83,Central,Bombay,0.0,1.0,2.0,1.0,['34.5/4.8'],['5'],3.0,810.0,1984-01-01,34.5,4.8,0.0,5.0,0.0,0.0,0.0,0.0,True,,
497,STAR LAKE,-8348109.705,5491406.901,Central,Clifton,0.0,1.0,2.0,1.0,['34.5/4.8'],['3.75/5.25'],3.0,1689.0,1971-10-15,34.5,4.8,0.0,3.75,5.25,0.0,0.0,0.0,True,,
498,STARR RD.,-8482428.15,5248780.254,Central,Cortlandville,1.0,0.0,4.0,1.0,['115/13.8'],['15/20/25'],5.0,8321.0,1991-11-01,115.0,13.8,0.0,15.0,20.0,25.0,0.0,0.0,True,,
499,STATE STREET,-8367452.682,5560056.052,Central,Canton,0.0,1.0,3.0,2.0,['23/4.8'],['3/3.75'],4.0,896.0,1954-01-01,23.0,4.8,0.0,3.0,3.75,0.0,0.0,0.0,True,,
500,STATION 150,,,West,Busti,2.0,0.0,3.0,1.0,['115/13.8'],['15/20/25'],5.0,5946.0,1991-05-20,115.0,13.8,0.0,15.0,20.0,25.0,0.0,0.0,True,,
501,STATION 159,,,West,Ellery,0.0,2.0,3.0,1.0,['34.5/4.8'],['3.75/4.2'],5.0,2069.0,1972-01-01,34.5,4.8,0.0,3.75,4.2,0.0,0.0,0.0,True,,
502,STATION 56,,,West,French Creek,0.0,1.0,1.0,1.0,['34.5/13.8'],['3.75'],2.0,537.0,1973-01-01,34.5,13.8,0.0,3.75,0.0,0.0,0.0,0.0,True,,
503,STEAMBURG,,,West,Coldspring,0.0,2.0,2.0,1.0,['34.5/4.8'],['1.5'],4.0,774.0,1952-01-01,34.5,4.8,0.0,1.5,0.0,0.0,0.0,0.0,True,,
504,STILES,-8490649.679,5329686.18,Central,Van Buren,0.0,1.0,2.0,1.0,['34.5/4.8'],"['1.667/2.15', '1.67/2.15']",3.0,1076.0,1960-01-01,34.5,4.8,0.0,1.667,2.15,0.0,0.0,0.0,True,1.6271999999999998,2.0
505,STITTVILLE,-8377769.481,5344094.53,Central,Marcy,2.0,0.0,2.0,1.0,['115/13.8'],['7.5/10.5'],4.0,3247.0,1973-04-05,115.0,13.8,0.0,7.5,10.5,0.0,0.0,0.0,True,,
506,STONER,-8273520.342,5309884.492,East,Johnstown,2.0,0.0,4.0,1.0,['115/13.8'],['12/16/20'],6.0,3539.0,1994-01-01,115.0,13.8,0.0,12.0,16.0,20.0,0.0,0.0,True,,
507,STOW,,,West,North Harmony,0.0,2.0,1.0,1.0,['34.5/4.8'],['2.5'],3.0,1218.0,1988-01-01,34.5,4.8,0.0,2.5,0.0,0.0,0.0,0.0,True,,
508,STUVESANT,,,East,Stuyvesant,0.0,1.0,2.0,1.0,['34.4/13.8'],['10'],3.0,1601.0,1990-01-01,34.4,13.8,0.0,10.0,0.0,0.0,0.0,0.0,True,,
509,SUMMIT,-8297720.452,5257522.769,East,Richmondville,1.0,1.0,1.0,1.0,"['69/23', '69/4.8']",['7.5/8.4/10.5'],3.0,944.0,1974-01-01,69.0,23.0,0.0,7.5,8.4,10.5,0.0,0.0,True,,
510,SUNDAY CREEK,-8364103.552,5445582.169,Central,Webb,1.0,0.0,1.0,1.0,['115/13.8'],['2.5/3.13'],2.0,287.0,1986-01-01,115.0,13.8,0.0,2.5,3.13,0.0,0.0,0.0,True,,
511,SWAGGERTOWN RD,-8232918.254,5295782.452,East,Glenville,2.0,0.0,3.0,1.0,['115/13.8'],['12/16/22.4'],5.0,5637.0,1969-01-01,115.0,13.8,0.0,12.0,16.0,22.4,0.0,0.0,True,,
512,SYCAWAY,-8198643.665,5272568.787,East,Brunswick,2.0,0.0,6.0,1.0,['115/13.8'],"['12/16/22.4', '15/20/25']",8.0,7213.0,2011-11-01,115.0,13.8,0.0,12.0,16.0,22.4,0.0,0.0,True,,
513,TEALL AVE,-8473974.488,5325503.417,Central,Salina,9.0,7.0,6.0,3.0,"['115/13.8', '115/34.5']","['24/32/40', '5/6.67', '5/6.7', '5/7', '5/7.5']",22.0,11355.0,2012-07-09,115.0,34.5,0.0,5.0,6.67,0.0,0.0,0.0,True,21.102444,6.0
514,TEMPLE ST.,-8477262.592,5318033.813,Central,Syracuse,3.0,0.0,20.0,2.0,['115/13.8'],"['24/32/40/44.8', '26.9/35.8/44.8']",23.0,7941.0,1979-01-01,115.0,13.8,0.0,24.0,32.0,40.0,44.8,0.0,True,42.173868,20.0
515,TERMINA,-8374163.076,5329018.379,Central,Utica,2.0,0.0,11.0,1.0,"['110/13.8', '115/13.8']","['24/32/40', '27/36/45']",13.0,9934.0,1963-05-28,110.0,13.8,0.0,27.0,36.0,45.0,0.0,0.0,True,8.593068,4.0
516,THIRD ST,-8506582.627,5358720.557,Central,Fulton,0.0,1.0,3.0,1.0,['34.5/4.8'],['3.75/4.69'],4.0,2515.0,1959-01-01,34.5,4.8,0.0,3.75,4.69,0.0,0.0,0.0,True,,
517,THOUSAND ISLANDS,-8461899.32,5505270.328,Central,Clayton,1.0,0.0,6.0,2.0,['115/13.8'],['15/20/25'],7.0,10441.0,1989-01-01,115.0,13.8,0.0,15.0,20.0,25.0,0.0,0.0,True,,
518,TIBBETS AVE,,,East,Troy,0.0,3.0,3.0,1.0,['34.5/4.16'],['5/6.25'],6.0,2299.0,1954-01-01,34.5,4.16,0.0,5.0,6.25,0.0,0.0,0.0,True,,
519,TRINITY,-8210657.408,5257854.374,East,Albany,4.0,0.0,14.0,2.0,"['115/13.8', '13.8/4.16']","['33.6/44.8/56', '7.5/9.4']",18.0,13830.0,1972-01-01,115.0,13.8,0.0,33.6,44.8,56.0,0.0,0.0,True,5.280132,4.0
520,TRUXTON,-8463122.25,5268386.711,Central,Truxton,0.0,1.0,1.0,3.0,['34.5/4.8'],"['0.25', '0.33']",2.0,572.0,1970-01-01,34.5,4.8,0.0,0.25,0.0,0.0,0.0,0.0,True,,
521,TULLER HILL,-8475796.591,5239303.228,Central,Virgil,1.0,0.0,1.0,1.0,['115/13.8'],['5/6.25'],2.0,394.0,1966-10-18,115.0,13.8,0.0,5.0,6.25,0.0,0.0,0.0,True,,
522,TULLY CENTER,-8472617.22,5280148.136,Central,Tully,1.0,0.0,3.0,1.0,['115/13.8'],['12/16/20'],4.0,4553.0,1965-01-01,115.0,13.8,0.0,12.0,16.0,20.0,0.0,0.0,True,,
523,TURIN RD,-8401635.185,5356279.664,Central,Lee,2.0,0.0,4.0,1.0,['115/13.8'],['15/20/30'],6.0,6653.0,1987-04-14,115.0,13.8,0.0,15.0,20.0,30.0,0.0,0.0,True,,
524,TWO MILE CREEK STATION,-8783254.024,5311476.93,,,,,,,[],[],,,,,,,,,,,,,2.072532,4.0
525,UNION,-8227955.882,5544796.072,Central,Black Brook,0.0,4.0,1.0,3.0,['46/2.4'],['1.67'],5.0,27.0,1992-01-01,46.0,2.4,0.0,1.67,0.0,0.0,0.0,0.0,True,,
526,UNION ST,-8169746.394,5314584.746,East,Cambridge,0.0,1.0,3.0,1.0,['34.4/13.8'],['7.5/9.375'],4.0,3115.0,1996-01-01,34.4,13.8,0.0,7.5,9.375,0.0,0.0,0.0,True,,
527,UNIONVILLE,-8226074.227,5250930.539,East,New Scotland,0.0,1.0,2.0,1.0,['34.5/13.8'],['10/12.5'],3.0,1960.0,1995-01-01,34.5,13.8,0.0,10.0,12.5,0.0,0.0,0.0,True,,
528,VAIL MILLS,-8261843.434,5318745.031,East,Mayfield,2.0,0.0,3.0,1.0,"['115/13.8', '115/69/13.8']","['12/16/20/22.4', '30/40/50']",5.0,8127.0,1972-08-25,115.0,13.8,0.0,12.0,16.0,20.0,22.4,0.0,True,,
529,VAL KIN,,,East,Kinderhook,2.0,0.0,3.0,1.0,['115/13.8'],['12/16/20/22.4'],5.0,5524.0,1977-11-04,115.0,13.8,0.0,12.0,16.0,20.0,22.4,0.0,True,,
530,VALLEY,,,West,Great Valley,1.0,0.0,5.0,1.0,['115/13.8'],"['15/20/25', '20/26.7/33.3']",6.0,6184.0,1992-07-01,115.0,13.8,0.0,15.0,20.0,25.0,0.0,0.0,True,,
531,VALLEY SUBSTATION,,,Central,Herkimer,2.0,4.0,4.0,2.0,"['115/4.16', '115/46']","['15/20/25', '7.5/9.375']",10.0,1809.0,1969-08-24,115.0,4.16,0.0,7.5,9.375,0.0,0.0,0.0,True,,
532,VANDALIA,,,West,Allegany,0.0,2.0,1.0,1.0,['34.5/13.8'],['5'],3.0,1133.0,2002-11-06,34.5,13.8,0.0,5.0,0.0,0.0,0.0,0.0,True,,
533,VOORHEESVILLE,,,East,Whitestown,2.0,0.0,3.0,1.0,['115/13.8'],['15/20/25'],5.0,5844.0,1993-01-01,115.0,13.8,0.0,15.0,20.0,25.0,0.0,0.0,True,,
534,W ALBION,-8707913.714,5348607.188,West,Albion,0.0,2.0,2.0,1.0,['34.5/13.8'],"['3.75/4.63/5.25', '5.6']",4.0,975.0,2012-08-13,34.5,13.8,0.0,3.75,4.63,5.25,0.0,0.0,True,3.9511559999999997,2.0
535,W HAMLIN,-8677981.075,5356936.71,West,Hamlin,2.0,0.0,4.0,1.0,['115/13.8'],['20/26.7/33.3'],6.0,7618.0,2008-06-05,115.0,13.8,0.0,20.0,26.7,33.3,0.0,0.0,True,18.132312,6.0
536,W. OLEAN,,,West,Olean,2.0,0.0,5.0,1.0,"['113/13.8', '115/13.8']","['13.44/17.92/22.4', '15/20/25']",7.0,7825.0,1971-09-22,113.0,13.8,0.0,13.44,17.92,22.4,0.0,0.0,True,,
537,WALESVILLE,-8387396.976,5330775.108,Central,Whitestown,1.0,0.0,3.0,1.0,['115/13.8'],['15/20/25'],4.0,5194.0,1993-12-12,115.0,13.8,0.0,15.0,20.0,25.0,0.0,0.0,True,,
538,WALMORE,,,West,Wheatfield,3.0,0.0,4.0,1.0,['115/13.8'],['12/16/20'],7.0,4976.0,1972-07-31,115.0,13.8,0.0,12.0,16.0,20.0,0.0,0.0,True,,
539,WARRENSBURG,-8212684.739,5386540.098,East,Warrensburg,2.0,3.0,2.0,1.0,"['115/13.8', '115/34.5']","['10/12.5', '33.6/44.8/56']",7.0,3660.0,1981-05-07,115.0,13.8,0.0,10.0,12.5,0.0,0.0,0.0,True,,
540,WATERPORT,-8709103.418,5361869.572,West,Carlton,0.0,3.0,3.0,1.0,['34.5/4.8'],['3.75'],6.0,2052.0,1996-01-01,34.5,4.8,0.0,3.75,0.0,0.0,0.0,0.0,True,2.4032159999999996,3.0
541,WATT ST,-8229156.216,5280028.843,East,Rotterdam,0.0,1.0,2.0,1.0,['34.4/13.8'],['7.5/9.37/10.5'],3.0,3658.0,1973-01-01,34.4,13.8,0.0,7.5,9.37,10.5,0.0,0.0,True,,
542,WEAVER ST,-8232048.168,5282408.82,East,Schenectady,0.0,2.0,2.0,1.0,['34.5/13.8'],['10/12.5'],4.0,4969.0,1995-01-01,34.5,13.8,0.0,10.0,12.5,0.0,0.0,0.0,True,,
543,WEIBEL,-8209394.309,5326347.187,East,Saratoga Springs,2.0,0.0,8.0,1.0,['115/13.8'],"['20/26/33', '20/27/33']",10.0,7184.0,2005-07-12,115.0,13.8,0.0,20.0,26.0,33.0,0.0,0.0,True,,
544,WELLS,-8269430.925,5371312.244,East,Wells,0.0,2.0,1.0,1.0,['23/4.8'],['2.5'],3.0,903.0,1949-01-01,23.0,4.8,0.0,2.5,0.0,0.0,0.0,0.0,True,,
545,WEST ADAMS,-8468371.442,5437496.311,Central,Adams,1.0,0.0,5.0,1.0,['115/13.8'],['15/20/25'],6.0,8611.0,1981-01-01,115.0,13.8,0.0,15.0,20.0,25.0,0.0,0.0,True,,
546,WEST CLEVELAND,-8453488.097,5349058.31,Central,Constantia,0.0,1.0,1.0,3.0,['34.5/13.8'],['0.5'],2.0,777.0,2011-03-10,34.5,13.8,0.0,0.5,0.0,0.0,0.0,0.0,True,,
547,WEST HERKIMER,-8348498.025,5315072.611,Central,Herkimer,0.0,1.0,1.0,1.0,['46/13.8'],['5/6.25/7'],2.0,1708.0,1971-01-01,46.0,13.8,0.0,5.0,6.25,7.0,0.0,0.0,True,,
548,WEST MONROE,-8467988.467,5354240.221,Central,West Monroe,0.0,1.0,1.0,1.0,['34.5/13.8'],['5/6.25/7'],2.0,2242.0,1969-01-01,34.5,13.8,0.0,5.0,6.25,7.0,0.0,0.0,True,3.145956,1.0
549,WEST PORTLAND,,,West,Portland,0.0,1.0,1.0,3.0,['34.5/0.48'],['1.67'],2.0,113.0,1974-01-01,34.5,0.48,0.0,1.67,0.0,0.0,0.0,0.0,True,,
550,WEST SALAMANCA,,,West,Salamanca,0.0,3.0,1.0,1.0,['34.5/4.8'],['1.5'],4.0,384.0,1977-01-01,34.5,4.8,0.0,1.5,0.0,0.0,0.0,0.0,True,,
551,WEST VALLEY,,,West,Ashford,0.0,2.0,2.0,1.0,['34.5/4.8'],['2.5'],4.0,1283.0,1997-01-01,34.5,4.8,0.0,2.5,0.0,0.0,0.0,0.0,True,0.798384,1.0
552,WESTVALE,-8485240.759,5319400.728,Central,Geddes,0.0,1.0,4.0,1.0,['34.5/4.16'],['7.5'],5.0,1818.0,2007-12-09,34.5,4.16,0.0,7.5,0.0,0.0,0.0,0.0,True,3.7023584000000005,4.0
553,WESTVILLE,-8281518.604,5611919.769,Central,Westville,0.0,1.0,1.0,3.0,['34.5/4.8'],['1.25'],2.0,997.0,2010-03-19,34.5,4.8,0.0,1.25,0.0,0.0,0.0,0.0,True,,
554,WETHERSFIELD STATION,-8710830.161,5264251.068,West,Wethersfield,0.0,1.0,2.0,2.0,['34.5/4.8'],['1'],3.0,641.0,2002-01-01,34.5,4.8,0.0,1.0,0.0,0.0,0.0,0.0,True,1.201632,2.0
555,WETZEL RD SUBSTATION,-8481465.563,5335041.398,,,,,,,[],[],,,,,,,,,,,,,20.213687999999998,6.0
556,WHITAKER,-8505150.428,5363110.428,Central,Volney,1.0,0.0,4.0,1.0,['115/13.8'],['20/26/33'],5.0,5887.0,1977-01-01,115.0,13.8,0.0,20.0,26.0,33.0,0.0,0.0,True,,
557,WHITE LAKE SUBSTATION,,,Central,Forestport,0.0,1.0,1.0,3.0,['46/4.8'],['0.5'],2.0,1028.0,1958-01-01,46.0,4.8,0.0,0.5,0.0,0.0,0.0,0.0,True,,
558,WHITEHALL,-8168645.096,5396115.498,West,Whitehall,0.0,0.0,0.0,1.0,['115/13.8'],['7.5'],0.0,2984.0,1974-09-01,115.0,13.8,0.0,7.5,0.0,0.0,0.0,0.0,True,,
559,WHITESBORO,-8380478.652,5329869.579,Central,Whitestown,0.0,4.0,3.0,1.0,['46/4.16'],['5/6.25'],7.0,2208.0,1960-01-01,46.0,4.16,0.0,5.0,6.25,0.0,0.0,0.0,True,,
560,WILTON,-8209916.365,5339732.622,East,Wilton,0.0,2.0,2.0,1.0,['34.5/13.8'],['10/12.5'],4.0,3144.0,1990-01-01,34.5,13.8,0.0,10.0,12.5,0.0,0.0,0.0,True,,
561,WINE CREEK,-8514549.554,5383344.469,Central,Oswego,2.0,0.0,4.0,1.0,['115/13.8'],['12'],6.0,5882.0,1981-01-01,115.0,13.8,0.0,12.0,0.0,0.0,0.0,0.0,True,,
562,WOLF RD.,-8215674.865,5269365.612,East,Colonie,2.0,0.0,7.0,1.0,"['113/13.8', '115/13.8']",['18/24/30/33.6'],9.0,4185.0,1973-08-08,113.0,13.8,0.0,18.0,24.0,30.0,33.6,0.0,True,1.584,1.0
563,WORCESTER,-8321459.995,5250814.644,East,Worcester,0.0,1.0,1.0,1.0,['23/13.8/4.8'],['4.4/6/7.5'],2.0,1270.0,1993-01-01,23.0,13.8,4.8,4.4,6.0,7.5,0.0,0.0,True,,
564,YAHNUNDASIS (1&2),,,Central,New Hartford,3.0,5.0,5.0,1.0,"['115/13.8', '115/46']","['18/24/30', '20/26.7', '21/28/35']",13.0,5088.0,1968-09-06,115.0,13.8,0.0,18.0,24.0,30.0,0.0,0.0,True,,
565,YATES,,,,,,,,,[],[],,,,,,,,,,,,,0.49118399999999995,1.0
566,YORK CENTER SUBSTATION,,,West,York,1.0,0.0,2.0,1.0,['69/13.8'],['8.4/10.5'],3.0,1854.0,1995-01-01,69.0,13.8,0.0,8.4,10.5,0.0,0.0,0.0,True,4.1579999999999995,2.0
