<?xml version="1.0" ?>
<metadata>
	<eainfo>
		<detailed>
			<attr>
				<attrlabl>kV_110_TO_161</attrlabl>
				<attalias>110kV To 161kV</attalias>
				<attrdef>Capacity of a substation from 110 kV to 161 kV.</attrdef>
			</attr>
			<attr>
				<attrlabl>kV_12_TO_32</attrlabl>
				<attalias>12kV T 32kV</attalias>
				<attrdef>Capacity of a substation from 12 kV to 32 kV.</attrdef>
			</attr>
			<attr>
				<attrlabl>kV_220_To_287</attrlabl>
				<attalias>220kV To 287kV</attalias>
				<attrdef>Capacity of a substation from 220 kV to 287 kV.</attrdef>
			</attr>
			<attr>
				<attrlabl>kV_33_TO_92</attrlabl>
				<attalias>33kV To 92kV</attalias>
				<attrdef>Capacity of a substation from 32 kV to 92 kV.</attrdef>
			</attr>
			<attr>
				<attrlabl>kV_345_To_500</attrlabl>
				<attalias>345kV To 500kV</attalias>
				<attrdef>Capacity of a substation from 345 kV to 500 kV.</attrdef>
			</attr>
			<attr>
				<attrlabl>kV_500_DC</attrlabl>
				<attalias>500 kV DC</attalias>
				<attrdef>Capacity of a substationfor 500 DC kV.</attrdef>
			</attr>
			<attr>
				<attrlabl>Alias</attrlabl>
				<attalias>Alias</attalias>
				<attrdef>Alias</attrdef>
			</attr>
			<attr>
				<attrlabl>Comments</attrlabl>
				<attalias>Comments</attalias>
				<attrdef>Comments</attrdef>
			</attr>
			<attr>
				<attrlabl>County</attrlabl>
				<attalias>County</attalias>
				<attrdef>County</attrdef>
			</attr>
			<attr>
				<attrlabl>Engineering_ID</attrlabl>
				<attalias>Engineering ID</attalias>
				<attrdef>Engineering ID for a susbation, assigned by a ultility company.</attrdef>
			</attr>
			<attr>
				<attrlabl>Highest_kV</attrlabl>
				<attalias>Highest_kV</attalias>
				<attrdef>Highest_kV</attrdef>
			</attr>
			<attr>
				<attrlabl>Map_Owner</attrlabl>
				<attalias>Map Owner</attalias>
				<attrdef>Substation ownership fpr mapping purposes: IID, LADWP, PCorp, PG&amp;E, SCE, SDG&amp;E, SMUD, WAPA, and Other.</attrdef>
			</attr>
			<attr>
				<attrlabl>Map_Part</attrlabl>
				<attalias>Map Part</attalias>
				<attrdef>The location of a substation based on the 3 parts map layout.</attrdef>
			</attr>
			<attr>
				<attrlabl>OBJECTID</attrlabl>
				<attalias>OBJECTID</attalias>
				<attrdef>Internal feature number.</attrdef>
			</attr>
			<attr>
				<attrlabl>Owner</attrlabl>
				<attalias>Owner</attalias>
				<attrdef>Substation ownership, which are including the major ownerships - IID, LADWP, PCorp, PG&amp;E, SCE, SDG&amp;E, SMUD, and WAPA. The other ownerships are including - 
AEWSD : Arvin-Edison Water Storage Distribution
AMP : Alameda Municipal Power
ANZA : Anza Electric
APUD : City of Anaheim Public Utilities District
AZUSA : Azusa Light and Water
BART : Bay Area Rapid Transit District
BFP : Burney Forest Power
BPA : Bonneville Power Administration
BURB : City of Burbank
CA RECLAMATION DISTRICT : CA Reclamation District
CA STATE : State of California
CALPINE : Calpine Corporation
CCSF : City &amp; County of San Francisco
CDWR : California Department of Water Resources
COLTON : City of Colton
CORONA : City of Corona
FRESNO : City of Fresno
HEALDSBURG : City of Healdsburg
LOMPOC : City of Lompoc
PALO ALTO : City of Palo Alto
ROSEVILLE : City of Roseville
SAN JOSE : City of San Jose
SHASTA LAKE : City of Shasta Lake
VICTORVILLE : City of Victorville
SONOMA : County of Sonoma
DCS : City of Dublin
EBMUD : East Bay Municipal Utility District
ECCID : East Contra Costa Irrigation District
FED : Federal Facilities
GWP : City of Glendale Water &amp; Power
ISLAND ENERGY : City of Pittsburg
KMPUD : Kirkwood Meadows Public Utility District
LIBERTY ENERGY : Liberty Energy
LMUD : Lassen Municipal Utility District
MEID : Merced Irrigation District
MID : Modesto Irrigation District
MORENO VALLEY : Moreno Valley
MWD : Metropolitan Water District of Southern California
NASA : National Aeronautics and Space Administration
NCPA : Northern California Power Agency
NPUA : Needles Public Utility Authority
NV ENERGY : NV Energy
PACW : Pacific Northwest
PCWA : Placer County Water Agency
PLSR : Plumas - Sierra Rural Electric Corp.
PORT of OAKLAND : Port of Oakland
PORT of STOCKTON : Port of Stockton
PRIVATE : Private
RCMU : Rancho Cucamonga Municipal Utility
REU : Redding Electric Utility
ROSEVILLE ELECTRIC : Roseville Electric
RPU : Riverside Public Ultilities
SAN JOAQUIN : San Joaquin County
SFPP : Santa Fe Pacific Pipeline Partners
SID : Solano Irrigation District
SJVE : San Joaquin Valley Clean Energy Org.
STANFORD : Leland Stanford, Jr. University
SVEC : Surprise Valley Electrification Corporation
SVP (Silicon Valley Power) : City of Santa Clara
TANC : Transmission Agency of Northern California
TBC : Trans Bay Cable
TDPUD : Truckee Donner Public Utility District
TID : Turlock Irrigation District
TPUD : Trinity Public Utility District
UCB : University of California Berkeley
UCD : University of California Davis
UNKNOWN : Unknown
USBR : U.S. Bureau of Reclamation
VERNON : City of Vernon
WALC : Western Area Lower Colorado (WAPA)
YCWA : Yuba County Water Agency</attrdef>
			</attr>
			<attr>
				<attrlabl>Postal_City</attrlabl>
				<attalias>Postal City</attalias>
				<attrdef>Postal City</attrdef>
			</attr>
			<attr>
				<attrlabl>SHAPE</attrlabl>
				<attalias>SHAPE</attalias>
				<attrdef>Feature geometry.</attrdef>
			</attr>
			<attr>
				<attrlabl>State</attrlabl>
				<attalias>State</attalias>
				<attrdef>State</attrdef>
			</attr>
			<attr>
				<attrlabl>Status</attrlabl>
				<attalias>Status</attalias>
				<attrdef>Operational status on electric substation</attrdef>
			</attr>
			<attr>
				<attrlabl>Substation_ID</attrlabl>
				<attalias>Substation ID</attalias>
				<attrdef>Substation ID</attrdef>
			</attr>
			<attr>
				<attrlabl>Substation_Name</attrlabl>
				<attalias>Substation Name</attalias>
				<attrdef>Substation Name</attrdef>
			</attr>
			<attr>
				<attrlabl>Zip_Code</attrlabl>
				<attalias>Zip Code</attalias>
				<attrdef>Zip Code</attrdef>
			</attr>
		</detailed>
	</eainfo>
	<idinfo>
		<useconst>DISCLAIMER  : The California Energy Commission makes no warranties, whether expressed or implied, as to the suitability or accuracy of the product for any particular purpose. Any use of this information is at the user's own risk.  For further information or suggestions concerning maps/data, please contact: California Energy Commission- Energy Facilities Siting Division – Cartography Unit, 1516 9th Street, MS48, Sacramento, CA 95814. For any further questions, please call Terry Rose or Fui Thong or Travis David at (916) 654-3902.</useconst>
		<timeperd>
			<timeinfo>
				<sngdate>
					<caldate>1/4/2018</caldate>
				</sngdate>
			</timeinfo>
		</timeperd>
		<descript>
			<abstract>The Electric Substation geospatial data layer contains point features representing transmission substations and some distribution substations in California.  These substations are fed by electric transmission lines and are used to step-up and step-down the voltage of electricity being carried by the lines, or simply to connect together various lines and maintain reliability of supply. These substations can be located on the surface within fenced enclosures, within special purpose buildings, on rooftops (in urban environments), or underground. A substation feature is also used to represent a location where one transmission line &quot;taps&quot; into another.    The transmission line, substation and power plant mapping database were started in 1990 by the CEC GIS staff. The final project was completed in October 2010. The enterprise GIS system on CEC's critical infrastructure database was lead by GIS Unit in November 2014 and was implemented in May 2016.    The data was derived from utility companies and USGS topographic map, Some of the data was rectified from GE and Platts substation geospatial data. The sources for the substation point digitizing are including sub-meter resolution of Digital Globe, Bing, Google, ESRI and NAIP aerial imageries, with scale at least 1:10,000. Occasionally, USGS Topographic map, Google Street View and Bing Bird's Eye are used to verify the precise location of a facility.</abstract>
			<purpose>The California Energy Commission (CEC) Electric Susbstation geospatial data layer has been created to display the locations of substations in California. When used in association with the CEC Power Plant and CEC Electric Transmission Lines geospatial data layers, viewers can analyze the geographic relationships with the substation across utilities, counties and state.The substation data, as one of the CEC's critical infrastructure spatial data will be used to: 1. Support the CEC/STEP/Strategic Transmission Planning and Corridor Designation Office in corrdior study and transmission line siting; 2. Support the CEC staffs various analysis by providing general geographic reference information; 3. Enhance communication between and among government agencies on emergecy management, resource management, economic development, and environmental study;4. Provide illustration of critical infrastructure spatial data to the public or other agencies in hardcopy format.</purpose>
		</descript>
		<ptcontac>
			<cntinfo>
				<cntemail>Terry.Rose@energy.ca.gov</cntemail>
				<cntpos>Research Program Specialist (GIS)</cntpos>
				<cntperp>
					<cntper>Terry Rose</cntper>
					<cntorg>The California Energy Commission (CEC)</cntorg>
				</cntperp>
			</cntinfo>
		</ptcontac>
		<ptcontac>
			<cntinfo>
				<cntemail>travis.david@energy.ca.gov</cntemail>
				<cntpos>GIS</cntpos>
				<cntperp>
					<cntper>Travis David</cntper>
					<cntorg>CEC</cntorg>
				</cntperp>
			</cntinfo>
		</ptcontac>
		<datacred>CEC GIS Unit, REAT, Caliso, PG&amp;E;, SCE, SDG&amp;E;, LADWP, WAPA, IID, SMUD, MID, MWD, GE, Platts, ANZA Electric Cooperative, Bear Valley, City of Anaheim PUD, City of Colton, City of Vernon,  Plumas Sierram PUC, Riverside Public Utilities, and Silicon Valley Power.</datacred>
		<keywords>
			<theme>
				<themekey>imperial irrigation district,electric substation,southern california edison,western area power administration,pacific gas and electric company,los angeles department of water and power,san diego gas &amp; electric,pacificorp,sacramento municipal utility district</themekey>
			</theme>
		</keywords>
		<citation>
			<citeinfo>
				<onlink>https://databasin.org/datasets/20502139197843f7b1b2751a427d9f68</onlink>
				<title>Electric Substations, California</title>
				<origin>California Energy Commission GIS Unit; REAT</origin>
				<origin>Caliso</origin>
				<origin>PG&amp;E;</origin>
				<origin>SCE</origin>
				<origin>SDG&amp;E;</origin>
				<origin>LADWP</origin>
				<origin>WAPA</origin>
				<origin>IID</origin>
				<origin>SMUD</origin>
				<origin>MID</origin>
				<origin>MWD</origin>
				<origin>GE</origin>
				<origin>Platts</origin>
				<origin>ANZA Electric Cooperative</origin>
				<origin>Bear Valley</origin>
				<origin>City of Anaheim PUD</origin>
				<origin>City of Colton</origin>
				<origin>City of Vernon</origin>
				<origin>Plumas Sierram PUC</origin>
				<origin>Riverside Public Utilities</origin>
				<origin>and Silicon Valley Power.</origin>
			</citeinfo>
		</citation>
		<spdom>
			<bounding>
				<southbc>3823154.1795</southbc>
				<northbc>5174092.9293</northbc>
				<eastbc>-12635904.4425</eastbc>
				<westbc>-13836345.0851</westbc>
			</bounding>
		</spdom>
	</idinfo>
	<distinfo>
		<distliab>No warranty is made by Data Basin for use of this dataset.  No warranty is made by Data Basin regarding the accuracy, reliability, or completeness of this dataset. In no event shall Data Basin have any liability whatsoever for payment of any consequential, incidental, indirect, special, or tort damages of any kind, including, but not limited to, any loss of profits arising out of the use or reliance on the geographic or attribute data contained within this dataset or arising out of the delivery, installation, operation, or support by Data Basin.</distliab>
		<techpreq>Desktop GIS software.</techpreq>
		<stdorder>
			<digform>
				<digtopt>
					<onlinopt>
						<accinstr>Download from https://databasin.org</accinstr>
						<computer>
							<networka>
								<networkr>https://databasin.org/datasets/20502139197843f7b1b2751a427d9f68</networkr>
							</networka>
						</computer>
					</onlinopt>
				</digtopt>
				<digtinfo>
					<filedec>No compression applied</filedec>
					<formvern>ArcGIS 10</formvern>
					<formspec>Feature Layer</formspec>
					<formname>Feature Layer</formname>
				</digtinfo>
			</digform>
			<ordering>Download from https://databasin.org</ordering>
			<fees>None</fees>
		</stdorder>
		<distrib>
			<cntinfo>
				<cntvoice>541-757-0687</cntvoice>
				<cntemail>databasin_admin@consbio.org</cntemail>
				<cntperp>
					<cntorg>Data Basin</cntorg>
					<cntper>Data Basin Administrator</cntper>
				</cntperp>
				<cntaddr>
					<country>USA</country>
					<city>Corvallis</city>
					<postal>97333</postal>
					<address>136 SW Washington Ave, Suite 202</address>
					<addrtype>physical address</addrtype>
					<state>OR</state>
				</cntaddr>
			</cntinfo>
		</distrib>
	</distinfo>
</metadata>
